-- phpMyAdmin SQL Dump
-- version 3.5.8.2
-- http://www.phpmyadmin.net
--
-- 主机: localhost
-- 生成日期: 2014 年 02 月 17 日 06:54
-- 服务器版本: 5.5.34-MariaDB
-- PHP 版本: 5.5.8

SET SQL_MODE="NO_AUTO_VALUE_ON_ZERO";
SET time_zone = "+00:00";


/*!40101 SET @OLD_CHARACTER_SET_CLIENT=@@CHARACTER_SET_CLIENT */;
/*!40101 SET @OLD_CHARACTER_SET_RESULTS=@@CHARACTER_SET_RESULTS */;
/*!40101 SET @OLD_COLLATION_CONNECTION=@@COLLATION_CONNECTION */;
/*!40101 SET NAMES utf8 */;

--
-- 数据库: `x`
--

-- --------------------------------------------------------

--
-- 表的结构 `x_accounting_period`
--

CREATE TABLE IF NOT EXISTS `x_accounting_period` (
  `id` int(11) NOT NULL AUTO_INCREMENT,
  `year` smallint(4) NOT NULL,
  `period` smallint(2) NOT NULL,
  `status` tinyint(1) NOT NULL DEFAULT '0',
  PRIMARY KEY (`id`),
  KEY `year` (`year`,`period`)
) ENGINE=InnoDB DEFAULT CHARSET=utf8 AUTO_INCREMENT=1 ;

-- --------------------------------------------------------

--
-- 表的结构 `x_accounting_subject`
--

CREATE TABLE IF NOT EXISTS `x_accounting_subject` (
  `id` int(11) NOT NULL AUTO_INCREMENT,
  `pid` int(5) NOT NULL DEFAULT '0',
  `code` varchar(10) NOT NULL,
  `direction` tinyint(1) NOT NULL DEFAULT '0',
  `category` tinyint(1) NOT NULL DEFAULT '1',
  `name` varchar(50) NOT NULL,
  `lft` smallint(5) NOT NULL,
  `rgt` smallint(5) NOT NULL,
  `listorder` smallint(5) NOT NULL DEFAULT '99',
  `is_assist` int(11) NOT NULL,
  `assist_items` varchar(100) NOT NULL,
  PRIMARY KEY (`id`),
  KEY `lft` (`lft`,`rgt`,`listorder`),
  KEY `parentid` (`pid`),
  KEY `category` (`category`),
  KEY `direction` (`direction`),
  KEY `code` (`code`),
  KEY `is_assist` (`is_assist`)
) ENGINE=MyISAM  DEFAULT CHARSET=utf8 AUTO_INCREMENT=194 ;

--
-- 转存表中的数据 `x_accounting_subject`
--

INSERT INTO `x_accounting_subject` (`id`, `pid`, `code`, `direction`, `category`, `name`, `lft`, `rgt`, `listorder`, `is_assist`, `assist_items`) VALUES
(1, 0, '-1', -1, 0, '会计科目2013', 1, 372, 99, 0, ''),
(5, 1, '0', -1, -1, '资产', 2, 91, 99, 0, ''),
(6, 1, '1', -1, -1, '负债', 92, 161, 99, 0, ''),
(7, 1, '2', -1, -1, '所有者权益', 162, 201, 99, 0, ''),
(8, 1, '3', -1, -1, '成本', 202, 217, 99, 0, ''),
(9, 1, '4', -1, -1, '损益', 218, 371, 99, 0, ''),
(10, 5, '1001', 0, 0, '库存现金', 3, 4, 99, 0, ''),
(11, 5, '1002', 0, 0, '银行存款', 5, 6, 99, 0, ''),
(12, 5, '1012', 0, 0, '其他货币资金', 7, 8, 99, 0, ''),
(13, 5, '1101', 0, 0, '短期投资', 9, 18, 99, 0, ''),
(14, 13, '110101', 0, 0, '股票', 10, 11, 99, 0, ''),
(15, 13, '110102', 0, 0, '债券', 12, 13, 99, 0, ''),
(16, 13, '110203', 0, 0, '基金', 14, 15, 99, 0, ''),
(17, 13, '110110', 0, 0, '其他', 16, 17, 99, 0, ''),
(18, 5, '1121', 0, 0, '应收票据', 19, 20, 99, 1, 'custom'),
(19, 5, '1122', 0, 0, '应收账款', 21, 22, 99, 0, ''),
(20, 5, '1123', 0, 0, '预付账款', 23, 24, 99, 0, ''),
(21, 5, '1131', 0, 0, '应收股利', 25, 26, 99, 1, 'dept'),
(22, 5, '1132', 0, 0, '应收利息', 27, 28, 99, 0, ''),
(23, 5, '1221', 0, 0, '其他应收款', 29, 30, 99, 0, ''),
(24, 5, '1401', 0, 0, '材料采购', 31, 32, 99, 0, ''),
(25, 5, '1402', 0, 0, '在途物资', 33, 34, 99, 0, ''),
(26, 5, '1403', 0, 0, '原材料', 35, 36, 99, 0, ''),
(27, 5, '1404', 0, 0, '材料成本差异', 37, 38, 99, 1, 'custom'),
(28, 5, '1405', 0, 0, '库存商品', 39, 40, 99, 0, ''),
(29, 5, '1407', 0, 0, '商品进销差价', 41, 42, 99, 0, ''),
(30, 5, '1408', 0, 0, '委托加工物资', 43, 44, 99, 0, ''),
(31, 5, '1411', 0, 0, '周转材料', 45, 46, 99, 0, ''),
(32, 5, '1421', 0, 0, '消耗性生物资产', 47, 48, 99, 0, ''),
(33, 5, '1501', 0, 1, '长期债券投资', 49, 54, 99, 0, ''),
(43, 33, '150102', 0, 1, '其他债权投资', 52, 53, 99, 0, ''),
(36, 5, '1511', 0, 1, '长期股权投资', 55, 60, 99, 0, ''),
(45, 36, '151102', 0, 1, '其他股权投资', 58, 59, 99, 0, ''),
(44, 36, '151101', 0, 1, '股票投资', 56, 57, 99, 0, ''),
(39, 5, '1601', 0, 1, '固定资产', 61, 62, 99, 0, ''),
(40, 5, '1602', 1, 1, '累计折旧', 63, 64, 99, 0, ''),
(41, 5, '1604', 0, 1, '在建工程', 65, 74, 99, 0, ''),
(42, 33, '150101', 0, 1, '债券投资', 50, 51, 99, 0, ''),
(46, 41, '160401', 0, 1, '建筑工程', 66, 67, 99, 0, ''),
(47, 41, '160402', 0, 1, '安装工程', 68, 69, 99, 0, ''),
(48, 41, '160403', 0, 1, '技术改造工程', 70, 71, 99, 0, ''),
(49, 41, '160404', 0, 1, '其他支出', 72, 73, 99, 0, ''),
(50, 5, '1605', 0, 1, '工程物资', 75, 76, 99, 0, ''),
(51, 5, '1605', 0, 1, '固定资产清理', 77, 78, 99, 0, ''),
(52, 5, '1621', 0, 1, '生产性生物资产', 79, 80, 99, 0, ''),
(53, 5, '1621', 1, 1, '生产性生物资产累计折旧', 81, 82, 99, 0, ''),
(54, 5, '1701', 0, 1, '无形资产', 83, 84, 99, 0, ''),
(55, 5, '1702', 1, 1, '累计摊销', 85, 86, 99, 0, ''),
(56, 5, '1801', 0, 1, '长期待摊费用', 87, 88, 99, 0, ''),
(57, 5, '1901', 0, 1, '待处理财产损溢', 89, 90, 99, 0, ''),
(58, 6, '2001', 1, 2, '短期借款', 93, 94, 99, 0, ''),
(59, 6, '2201', 1, 2, '应付票据', 95, 96, 99, 0, ''),
(60, 6, '2202', 1, 2, '应付账款', 97, 98, 99, 0, ''),
(61, 6, '2203', 1, 2, '预收账款', 99, 100, 99, 0, ''),
(62, 6, '2211', 1, 2, '应付职工薪酬', 101, 102, 99, 0, ''),
(63, 6, '2221', 1, 2, '应交税费', 103, 148, 99, 0, ''),
(64, 63, '222101', 1, 2, '应交增值税', 104, 123, 99, 0, ''),
(65, 64, '22210101', 0, 2, '进项税额', 105, 106, 99, 0, ''),
(66, 64, '22210102', 0, 2, '已交税金', 107, 108, 99, 0, ''),
(67, 64, '22210103', 0, 2, '减免税款', 109, 110, 99, 0, ''),
(68, 64, '22210104', 0, 2, '出口抵减内销产品应纳税额', 111, 112, 99, 0, ''),
(69, 64, '22210105', 0, 2, '转出未交增值税', 113, 114, 99, 0, ''),
(70, 64, '22210106', 1, 2, '销项税额', 115, 116, 99, 0, ''),
(71, 64, '22210107', 1, 2, '出口退税', 117, 118, 99, 0, ''),
(72, 64, '22210108', 1, 2, '进项税额转出', 119, 120, 99, 0, ''),
(73, 64, '22210109', 1, 2, '转出多交增值税', 121, 122, 99, 0, ''),
(74, 63, '222102', 1, 2, '未交增值税', 124, 125, 99, 0, ''),
(75, 63, '222103', 1, 2, '应交营业税', 126, 127, 99, 0, ''),
(76, 63, '222104', 1, 2, '应交消费税', 128, 129, 99, 0, ''),
(77, 63, '222105', 1, 2, '应交资源税', 130, 131, 99, 0, ''),
(78, 63, '222106', 1, 2, '应交所得税', 132, 133, 99, 0, ''),
(79, 63, '222107', 1, 2, '应交土地增值税', 134, 135, 99, 0, ''),
(80, 63, '222108', 1, 2, '应交城市维护建设税', 136, 137, 99, 0, ''),
(81, 63, '222109', 1, 2, '应交房产税', 138, 139, 99, 0, ''),
(82, 63, '222110', 1, 2, '应交土地使用税', 140, 141, 99, 0, ''),
(83, 63, '222111', 1, 2, '应交车船使用税', 142, 143, 99, 0, ''),
(84, 63, '222112', 1, 2, '应交个人所得税', 144, 145, 99, 0, ''),
(85, 63, '222113', 1, 2, '教育费附加', 146, 147, 99, 0, ''),
(86, 6, '2231', 1, 2, '应付利息', 149, 150, 99, 0, ''),
(87, 6, '2232', 1, 2, '应付利润', 151, 152, 99, 0, ''),
(88, 6, '2241', 1, 2, '其他应付款', 153, 154, 99, 0, ''),
(89, 6, '2401', 1, 2, '递延收益', 155, 156, 99, 0, ''),
(90, 6, '2501', 1, 3, '长期借款', 157, 158, 99, 0, ''),
(91, 6, '2701', 1, 3, '长期应付款', 159, 160, 99, 0, ''),
(92, 7, '3001', 1, 4, '实收资本', 163, 164, 99, 0, ''),
(93, 7, '3002', 1, 4, '资本公积', 165, 174, 99, 0, ''),
(94, 93, '300201', 1, 4, '资本溢价', 166, 167, 99, 0, ''),
(95, 93, '300202', 1, 4, '接受捐赠非现金资产准备', 168, 169, 99, 0, ''),
(96, 93, '300206', 1, 4, '外币资本折算差额', 170, 171, 99, 0, ''),
(97, 93, '300207', 1, 4, '其他资本公积', 172, 173, 99, 0, ''),
(98, 7, '3101', 1, 4, '盈余公积', 175, 182, 99, 0, ''),
(99, 98, '310101', 1, 3, '法定盈余公积', 176, 177, 99, 0, ''),
(100, 98, '310102', 1, 4, '任意盈余公积', 178, 179, 99, 0, ''),
(101, 98, '310103', 1, 4, '法定公益金', 180, 181, 99, 0, ''),
(102, 7, '3103', 1, 4, '本年利润', 183, 184, 99, 0, ''),
(103, 7, '3104', 1, 4, '利润分配', 185, 200, 99, 0, ''),
(104, 103, '310401', 0, 4, '其他转入', 186, 187, 99, 0, ''),
(105, 103, '310402', 0, 4, '提取法定盈余公积', 188, 189, 99, 0, ''),
(106, 103, '310403', 0, 4, '提取法定公益金', 190, 191, 99, 0, ''),
(107, 103, '310409', 0, 4, '提取任意盈余公积', 192, 193, 99, 0, ''),
(108, 103, '310410', 0, 4, '应付利润', 194, 195, 99, 0, ''),
(109, 103, '310411', 0, 4, '转作资本的利润', 196, 197, 99, 0, ''),
(110, 103, '310415', 1, 4, '未分配利润', 198, 199, 99, 0, ''),
(111, 8, '4001', 0, 5, '生产成本', 203, 208, 99, 0, ''),
(112, 111, '400101', 0, 5, '基本生产成本', 204, 205, 99, 0, ''),
(113, 111, '400102', 0, 5, '辅助生产成本', 206, 207, 99, 0, ''),
(114, 8, '4101', 0, 5, '制造费用', 209, 210, 99, 0, ''),
(115, 8, '4301', 0, 5, '研发支出', 211, 212, 99, 0, ''),
(116, 8, '4401', 0, 5, '工程施工', 213, 214, 99, 0, ''),
(117, 8, '4403', 0, 5, '机械作业', 215, 216, 99, 0, ''),
(118, 9, '5001', 1, 6, '主营业务收入', 219, 220, 99, 0, ''),
(119, 9, '5051', 1, 7, '其他业务收入', 221, 222, 99, 0, ''),
(120, 9, '5301', 1, 7, '营业外收入', 223, 234, 99, 0, ''),
(121, 120, '530101', 1, 7, '非流动资产处置净收益', 224, 225, 99, 0, ''),
(122, 120, '530102', 1, 7, '政府补助', 226, 227, 99, 0, ''),
(123, 120, '530103', 1, 7, '捐赠收益', 228, 229, 99, 0, ''),
(124, 120, '530104', 1, 7, '盘盈收益', 230, 231, 99, 0, ''),
(125, 120, '530105', 1, 7, '其他', 232, 233, 99, 0, ''),
(126, 9, '5401', 0, 8, '主营业务成本', 235, 236, 99, 0, ''),
(127, 9, '5402', 0, 9, '其他业务成本', 237, 238, 99, 0, ''),
(128, 9, '5403', 0, 9, '营业税金及附加', 239, 264, 99, 0, ''),
(129, 128, '540301', 0, 9, '消费税', 240, 241, 99, 0, ''),
(130, 128, '540302', 0, 9, '营业税', 242, 243, 99, 0, ''),
(131, 128, '540303', 0, 9, '城市维护建设税', 244, 245, 99, 0, ''),
(132, 128, '540304', 0, 9, '资源税', 246, 247, 99, 0, ''),
(133, 128, '540305', 0, 9, '土地增值税', 248, 249, 99, 0, ''),
(134, 128, '540306', 0, 9, '城镇土地使用税', 250, 251, 99, 0, ''),
(135, 128, '540307', 0, 9, '房产税', 252, 253, 99, 0, ''),
(136, 128, '540308', 0, 9, '车船税', 254, 255, 99, 0, ''),
(137, 128, '540309', 0, 9, '印花税', 256, 257, 99, 0, ''),
(138, 128, '540310', 0, 9, '教育费附加', 258, 259, 99, 0, ''),
(139, 128, '540311', 0, 0, '矿产资源补偿费', 260, 261, 99, 0, ''),
(140, 128, '540312', 0, 9, '排污费', 262, 263, 99, 0, ''),
(141, 9, '5601', 0, 10, '销售费用', 265, 300, 99, 0, ''),
(142, 141, '560101', 0, 10, '办公用品', 266, 267, 99, 0, ''),
(143, 141, '560102', 0, 10, '房租', 268, 269, 99, 0, ''),
(144, 141, '560103', 0, 10, '物业管理费', 270, 271, 99, 0, ''),
(145, 141, '560104', 0, 10, '水电费', 272, 273, 99, 0, ''),
(146, 141, '560105', 0, 10, '交际应酬费', 274, 275, 99, 0, ''),
(147, 141, '560106', 0, 10, '市内交通费', 276, 277, 99, 0, ''),
(148, 141, '560107', 0, 10, '差旅费', 278, 279, 99, 0, ''),
(149, 141, '560108', 0, 10, '补助', 280, 281, 99, 0, ''),
(150, 141, '560109', 0, 10, '通讯费', 282, 283, 99, 0, ''),
(151, 141, '560110', 0, 10, '工资', 284, 285, 99, 0, ''),
(152, 141, '560111', 0, 10, '佣金', 286, 287, 99, 0, ''),
(153, 141, '560112', 0, 10, '保险金', 288, 289, 99, 0, ''),
(154, 141, '560113', 0, 10, '福利费', 290, 291, 99, 0, ''),
(155, 141, '560114', 0, 10, '累计折旧', 292, 293, 99, 0, ''),
(156, 141, '560115', 0, 10, '商品维修费', 294, 295, 99, 0, ''),
(157, 141, '560116', 0, 10, '广告和业务宣传费', 296, 297, 99, 0, ''),
(158, 141, '560199', 0, 10, '其他', 298, 299, 99, 0, ''),
(159, 9, '5602', 0, 10, '管理费用', 301, 334, 99, 0, ''),
(160, 159, '560201', 0, 10, '办公用品', 302, 303, 99, 0, ''),
(161, 159, '560202', 0, 10, '房租', 304, 305, 99, 0, ''),
(162, 159, '560203', 0, 10, '物业管理费', 306, 307, 99, 0, ''),
(163, 159, '560204', 0, 10, '水电费', 308, 309, 99, 0, ''),
(164, 159, '560205', 0, 10, '交际应酬费', 310, 311, 99, 0, ''),
(165, 159, '560206', 0, 10, '市内交通费', 312, 313, 99, 0, ''),
(166, 159, '560207', 0, 10, '差旅费', 314, 315, 99, 0, ''),
(167, 159, '560208', 0, 10, '通讯费', 316, 317, 99, 0, ''),
(168, 159, '560209', 0, 10, '工资', 318, 319, 99, 0, ''),
(169, 159, '560210', 0, 10, '保险金', 320, 321, 99, 0, ''),
(170, 159, '560211', 0, 10, '福利费', 322, 323, 99, 0, ''),
(171, 159, '560212', 0, 10, '累计折旧', 324, 325, 99, 0, ''),
(172, 159, '560213', 0, 10, '开办费', 326, 327, 99, 0, ''),
(173, 159, '560214', 0, 10, '职工教育经费', 328, 329, 99, 0, ''),
(174, 159, '560215', 0, 10, '研究费用', 330, 331, 99, 0, ''),
(175, 159, '560299', 0, 10, '其他', 332, 333, 99, 0, ''),
(176, 9, '5603', 0, 10, '财务费用', 335, 344, 99, 0, ''),
(177, 176, '560301', 0, 10, '汇兑损益', 336, 337, 99, 0, ''),
(178, 176, '560302', 0, 10, '利息', 338, 339, 99, 0, ''),
(179, 176, '560303', 0, 10, '手续费', 340, 341, 99, 0, ''),
(180, 176, '560399', 0, 10, '其他', 342, 343, 99, 0, ''),
(181, 9, '5711', 0, 9, '营业外支出', 345, 366, 99, 0, ''),
(182, 181, '571101', 0, 9, '存货盘亏毁损', 346, 347, 99, 0, ''),
(183, 181, '571102', 0, 9, '非流动资产处置净损失', 348, 349, 99, 0, ''),
(184, 181, '571103', 0, 9, '坏账损失', 350, 351, 99, 0, ''),
(185, 181, '571104', 0, 9, '无法收回的长期债券投资损失', 352, 353, 99, 0, ''),
(186, 181, '571105', 0, 9, '无法收回的长期股权投资损失', 354, 355, 99, 0, ''),
(187, 181, '571106', 0, 9, '自然灾害等不可抗力造成的损失', 356, 357, 99, 0, ''),
(188, 181, '571107', 0, 9, '税收滞纳金', 358, 359, 99, 0, ''),
(189, 181, '571108', 0, 9, '罚金、罚款', 360, 361, 99, 0, ''),
(190, 181, '571109', 0, 9, '捐赠支出', 362, 363, 99, 0, ''),
(191, 181, '571110', 0, 9, '其他', 364, 365, 99, 0, ''),
(192, 9, '5801', 0, 9, '所得税费用', 367, 368, 99, 0, ''),
(193, 9, '6000', 0, 9, '以前年度损益调整', 369, 370, 99, 0, '');

-- --------------------------------------------------------

--
-- 表的结构 `x_accounting_voucher`
--

CREATE TABLE IF NOT EXISTS `x_accounting_voucher` (
  `id` int(11) NOT NULL AUTO_INCREMENT,
  `mark_id` smallint(5) NOT NULL,
  `mark_num` varchar(10) NOT NULL,
  `attach_num` smallint(4) NOT NULL,
  `period_id` smallint(5) NOT NULL,
  `user_id` int(11) NOT NULL,
  `status` tinyint(1) NOT NULL DEFAULT '0',
  `total_amount` float(10,2) NOT NULL,
  `dateline` varchar(12) NOT NULL,
  `date` varchar(12) NOT NULL,
  PRIMARY KEY (`id`),
  KEY `date` (`date`),
  KEY `mark_id` (`mark_id`,`mark_num`,`user_id`,`status`,`dateline`),
  KEY `period` (`period_id`),
  KEY `total_amount` (`total_amount`)
) ENGINE=InnoDB DEFAULT CHARSET=utf8 AUTO_INCREMENT=1 ;

-- --------------------------------------------------------

--
-- 表的结构 `x_accounting_voucher_detail`
--

CREATE TABLE IF NOT EXISTS `x_accounting_voucher_detail` (
  `id` int(11) NOT NULL AUTO_INCREMENT,
  `voucher_id` int(11) NOT NULL,
  `subject_id` smallint(5) NOT NULL,
  `summary` varchar(255) NOT NULL,
  `dc` tinyint(1) NOT NULL,
  `amount` decimal(10,2) NOT NULL,
  PRIMARY KEY (`id`),
  KEY `voucher_id` (`voucher_id`,`subject_id`,`amount`)
) ENGINE=InnoDB DEFAULT CHARSET=utf8 AUTO_INCREMENT=1 ;

-- --------------------------------------------------------

--
-- 表的结构 `x_auth_group`
--

CREATE TABLE IF NOT EXISTS `x_auth_group` (
  `id` mediumint(8) unsigned NOT NULL AUTO_INCREMENT,
  `title` char(100) NOT NULL DEFAULT '',
  `status` tinyint(1) NOT NULL DEFAULT '1',
  PRIMARY KEY (`id`)
) ENGINE=MyISAM  DEFAULT CHARSET=utf8 AUTO_INCREMENT=11 ;

--
-- 转存表中的数据 `x_auth_group`
--

INSERT INTO `x_auth_group` (`id`, `title`, `status`) VALUES
(1, '超级管理员', 1),
(2, '库管', 1),
(3, '财务', 1),
(5, '销售', 1),
(7, '采购', 1),
(8, '质检', 1),
(9, '小微企业版', 1),
(10, '规模贸易版', 1);

-- --------------------------------------------------------

--
-- 表的结构 `x_auth_group_access`
--

CREATE TABLE IF NOT EXISTS `x_auth_group_access` (
  `uid` mediumint(8) unsigned NOT NULL,
  `group_id` mediumint(8) unsigned NOT NULL,
  UNIQUE KEY `uid_group_id` (`uid`,`group_id`),
  KEY `uid` (`uid`),
  KEY `group_id` (`group_id`)
) ENGINE=MyISAM DEFAULT CHARSET=utf8;

--
-- 转存表中的数据 `x_auth_group_access`
--

INSERT INTO `x_auth_group_access` (`uid`, `group_id`) VALUES
(1, 1),
(1, 2),
(1, 3),
(1, 5),
(2, 5),
(6, 2),
(8, 3),
(8, 5),
(9, 1),
(9, 5),
(10, 9),
(11, 10);

-- --------------------------------------------------------

--
-- 表的结构 `x_auth_group_rule`
--

CREATE TABLE IF NOT EXISTS `x_auth_group_rule` (
  `group_id` smallint(5) NOT NULL,
  `rule_id` int(11) NOT NULL,
  `flag` tinyint(1) NOT NULL DEFAULT '1',
  KEY `group_id` (`group_id`,`rule_id`)
) ENGINE=MyISAM DEFAULT CHARSET=utf8;

--
-- 转存表中的数据 `x_auth_group_rule`
--

INSERT INTO `x_auth_group_rule` (`group_id`, `rule_id`, `flag`) VALUES
(9, 31, 0),
(9, 30, 0),
(9, 29, 0),
(9, 65, 0),
(9, 64, 0),
(9, 141, 0),
(9, 27, 0),
(1, 146, 0),
(1, 104, 0),
(1, 145, 0),
(1, 100, 0),
(1, 99, 0),
(1, 98, 0),
(1, 97, 0),
(1, 96, 0),
(1, 95, 0),
(1, 117, 0),
(1, 77, 0),
(5, 4, 0),
(5, 65, 0),
(5, 56, 0),
(5, 46, 0),
(5, 45, 0),
(5, 2, 0),
(5, 66, 0),
(5, 10, 0),
(1, 76, 0),
(1, 75, 0),
(1, 74, 0),
(1, 73, 0),
(1, 72, 0),
(1, 71, 0),
(1, 70, 0),
(1, 149, 0),
(1, 60, 0),
(1, 59, 0),
(1, 58, 0),
(1, 55, 0),
(1, 54, 0),
(1, 53, 0),
(1, 52, 0),
(1, 51, 0),
(1, 147, 0),
(1, 148, 0),
(1, 3, 0),
(1, 94, 0),
(1, 81, 0),
(1, 80, 0),
(1, 79, 0),
(1, 78, 0),
(1, 69, 0),
(1, 68, 0),
(1, 67, 0),
(1, 63, 0),
(1, 62, 0),
(1, 61, 0),
(1, 50, 0),
(1, 49, 0),
(1, 48, 0),
(1, 47, 0),
(1, 28, 0),
(1, 26, 0),
(1, 25, 0),
(1, 24, 0),
(1, 23, 0),
(5, 9, 0),
(5, 64, 0),
(5, 57, 0),
(5, 8, 0),
(5, 7, 0),
(5, 6, 0),
(5, 5, 0),
(2, 4, 0),
(2, 65, 0),
(2, 59, 0),
(2, 58, 0),
(2, 55, 0),
(2, 54, 0),
(2, 53, 0),
(2, 52, 0),
(2, 51, 0),
(2, 64, 0),
(2, 3, 0),
(2, 8, 0),
(2, 60, 0),
(2, 56, 0),
(2, 45, 0),
(2, 66, 0),
(2, 10, 0),
(2, 9, 0),
(2, 7, 0),
(2, 6, 0),
(2, 5, 0),
(5, 51, 0),
(5, 60, 0),
(1, 22, 0),
(1, 21, 0),
(1, 20, 0),
(1, 19, 0),
(1, 18, 0),
(1, 17, 0),
(1, 16, 0),
(1, 15, 0),
(1, 14, 0),
(1, 13, 0),
(1, 12, 0),
(1, 11, 0),
(1, 155, 0),
(2, 70, 0),
(2, 73, 0),
(2, 74, 0),
(2, 75, 0),
(2, 76, 0),
(2, 77, 0),
(1, 57, 0),
(1, 56, 0),
(1, 46, 0),
(1, 45, 0),
(1, 2, 0),
(1, 150, 0),
(1, 135, 0),
(1, 134, 0),
(1, 133, 0),
(1, 132, 0),
(1, 131, 0),
(1, 130, 0),
(1, 129, 0),
(1, 128, 0),
(1, 127, 0),
(1, 126, 0),
(1, 123, 0),
(1, 122, 0),
(1, 121, 0),
(1, 120, 0),
(1, 119, 0),
(1, 118, 0),
(1, 140, 0),
(1, 139, 0),
(1, 138, 0),
(1, 137, 0),
(1, 136, 0),
(1, 144, 0),
(1, 142, 0),
(1, 143, 0),
(1, 114, 0),
(1, 113, 0),
(1, 112, 0),
(1, 111, 0),
(1, 110, 0),
(1, 44, 0),
(1, 43, 0),
(1, 42, 0),
(1, 41, 0),
(1, 40, 0),
(1, 39, 0),
(1, 38, 0),
(1, 37, 0),
(1, 36, 0),
(1, 35, 0),
(3, 64, 0),
(3, 65, 0),
(3, 29, 0),
(3, 30, 0),
(3, 31, 0),
(3, 32, 0),
(3, 33, 0),
(3, 34, 0),
(3, 35, 0),
(3, 36, 0),
(3, 37, 0),
(3, 38, 0),
(3, 39, 0),
(3, 40, 0),
(3, 41, 0),
(3, 42, 0),
(3, 43, 0),
(3, 44, 0),
(3, 110, 0),
(3, 111, 0),
(3, 112, 0),
(3, 113, 0),
(3, 114, 0),
(3, 118, 0),
(3, 121, 0),
(3, 122, 0),
(3, 123, 0),
(3, 126, 0),
(3, 127, 0),
(3, 128, 0),
(3, 129, 0),
(3, 130, 0),
(3, 131, 0),
(1, 34, 0),
(1, 33, 0),
(1, 32, 0),
(1, 31, 0),
(1, 30, 0),
(1, 29, 0),
(1, 154, 0),
(1, 65, 0),
(1, 64, 0),
(1, 153, 0),
(7, 64, 0),
(7, 65, 0),
(7, 29, 0),
(7, 30, 0),
(7, 31, 0),
(7, 32, 0),
(7, 33, 0),
(7, 34, 0),
(7, 35, 0),
(7, 36, 0),
(7, 37, 0),
(7, 38, 0),
(7, 39, 0),
(7, 40, 0),
(7, 41, 0),
(7, 42, 0),
(7, 43, 0),
(7, 44, 0),
(7, 110, 0),
(7, 111, 0),
(7, 112, 0),
(7, 113, 0),
(7, 114, 0),
(7, 136, 0),
(7, 137, 0),
(7, 138, 0),
(7, 139, 0),
(7, 140, 0),
(7, 96, 0),
(7, 97, 0),
(7, 98, 0),
(7, 99, 0),
(7, 100, 0),
(7, 104, 0),
(9, 32, 0),
(9, 33, 0),
(9, 34, 0),
(9, 35, 0),
(9, 36, 0),
(9, 37, 0),
(9, 38, 0),
(9, 39, 0),
(9, 40, 0),
(9, 41, 0),
(9, 42, 0),
(9, 43, 0),
(9, 44, 0),
(9, 110, 0),
(9, 111, 0),
(9, 112, 0),
(9, 113, 0),
(9, 114, 0),
(9, 143, 0),
(9, 142, 0),
(9, 144, 0),
(9, 136, 0),
(9, 137, 0),
(9, 138, 0),
(9, 139, 0),
(9, 140, 0),
(9, 2, 0),
(9, 45, 0),
(9, 46, 0),
(9, 56, 0),
(9, 57, 0),
(9, 11, 0),
(9, 12, 0),
(9, 13, 0),
(9, 14, 0),
(9, 15, 0),
(9, 16, 0),
(9, 17, 0),
(9, 18, 0),
(9, 19, 0),
(9, 20, 0),
(9, 21, 0),
(9, 22, 0),
(9, 23, 0),
(9, 24, 0),
(9, 25, 0),
(9, 26, 0),
(9, 28, 0),
(9, 47, 0),
(9, 48, 0),
(9, 49, 0),
(9, 50, 0),
(9, 61, 0),
(9, 62, 0),
(9, 63, 0),
(9, 67, 0),
(9, 68, 0),
(9, 69, 0),
(9, 78, 0),
(9, 79, 0),
(9, 80, 0),
(9, 81, 0),
(9, 94, 0),
(9, 3, 0),
(9, 148, 0),
(9, 147, 0),
(9, 51, 0),
(9, 52, 0),
(9, 53, 0),
(9, 54, 0),
(9, 55, 0),
(9, 58, 0),
(9, 59, 0),
(9, 60, 0),
(9, 149, 0),
(9, 70, 0),
(9, 71, 0),
(9, 72, 0),
(9, 73, 0),
(9, 74, 0),
(9, 75, 0),
(9, 76, 0),
(9, 77, 0),
(9, 117, 0),
(9, 95, 0),
(9, 145, 0),
(9, 104, 0),
(9, 146, 0),
(9, 116, 0),
(10, 116, 0),
(10, 146, 0),
(10, 104, 0),
(10, 145, 0),
(10, 100, 0),
(10, 99, 0),
(10, 98, 0),
(10, 97, 0),
(10, 96, 0),
(10, 95, 0),
(10, 117, 0),
(10, 77, 0),
(10, 76, 0),
(10, 75, 0),
(10, 74, 0),
(10, 73, 0),
(10, 72, 0),
(10, 71, 0),
(10, 70, 0),
(10, 149, 0),
(10, 60, 0),
(10, 59, 0),
(10, 58, 0),
(10, 55, 0),
(10, 54, 0),
(10, 53, 0),
(10, 52, 0),
(10, 51, 0),
(10, 147, 0),
(10, 148, 0),
(10, 3, 0),
(10, 94, 0),
(10, 81, 0),
(10, 80, 0),
(10, 79, 0),
(10, 78, 0),
(10, 69, 0),
(10, 68, 0),
(10, 67, 0),
(10, 63, 0),
(10, 62, 0),
(10, 61, 0),
(10, 50, 0),
(10, 49, 0),
(10, 48, 0),
(10, 47, 0),
(10, 28, 0),
(10, 26, 0),
(10, 25, 0),
(10, 24, 0),
(10, 23, 0),
(10, 22, 0),
(10, 21, 0),
(10, 20, 0),
(10, 19, 0),
(10, 18, 0),
(10, 17, 0),
(10, 16, 0),
(10, 15, 0),
(10, 14, 0),
(10, 13, 0),
(10, 12, 0),
(10, 11, 0),
(10, 57, 0),
(10, 56, 0),
(10, 46, 0),
(10, 45, 0),
(10, 2, 0),
(10, 135, 0),
(10, 134, 0),
(10, 133, 0),
(10, 132, 0),
(10, 131, 0),
(10, 130, 0),
(10, 129, 0),
(10, 128, 0),
(10, 127, 0),
(10, 126, 0),
(10, 123, 0),
(10, 122, 0),
(10, 121, 0),
(10, 120, 0),
(10, 119, 0),
(10, 118, 0),
(10, 140, 0),
(10, 139, 0),
(10, 138, 0),
(10, 137, 0),
(10, 136, 0),
(10, 144, 0),
(10, 142, 0),
(10, 143, 0),
(10, 114, 0),
(10, 113, 0),
(10, 112, 0),
(10, 111, 0),
(10, 110, 0),
(10, 44, 0),
(10, 43, 0),
(10, 42, 0),
(10, 41, 0),
(10, 40, 0),
(10, 39, 0),
(10, 38, 0),
(10, 37, 0),
(10, 36, 0),
(10, 35, 0),
(10, 34, 0),
(10, 33, 0),
(10, 32, 0),
(10, 31, 0),
(10, 30, 0),
(10, 29, 0),
(10, 65, 0),
(10, 64, 0),
(10, 151, 0),
(10, 141, 0),
(10, 27, 0),
(1, 152, 0),
(1, 151, 0),
(1, 141, 0),
(1, 27, 0),
(1, 116, 0);

-- --------------------------------------------------------

--
-- 表的结构 `x_auth_rule`
--

CREATE TABLE IF NOT EXISTS `x_auth_rule` (
  `id` mediumint(8) unsigned NOT NULL AUTO_INCREMENT,
  `name` char(80) NOT NULL DEFAULT '',
  `title` char(20) NOT NULL DEFAULT '',
  `status` tinyint(1) NOT NULL DEFAULT '1',
  `condition` char(100) NOT NULL DEFAULT '',
  `category` varchar(20) NOT NULL DEFAULT 'all',
  PRIMARY KEY (`id`),
  UNIQUE KEY `name` (`name`),
  KEY `category` (`category`)
) ENGINE=MyISAM  DEFAULT CHARSET=utf8 AUTO_INCREMENT=156 ;

--
-- 转存表中的数据 `x_auth_rule`
--

INSERT INTO `x_auth_rule` (`id`, `name`, `title`, `status`, `condition`, `category`) VALUES
(2, 'JXC.Orders.add', '新建订单', 1, '', 'sale'),
(3, 'JXC.Stockin.add', '新建入库单', 1, '', 'stock'),
(150, 'Produce.ProduceInstall.index', '生产组装单列表', 1, '', 'produce'),
(148, 'JXC.StockTransfer.viewDetail', '库存调拨单详情', 1, '', 'stock'),
(147, 'JXC.StockTransfer.foreverdelete', '删除库存调拨单', 1, '', 'stock'),
(11, 'HOME.AuthGroup.viewDetail', '权限组查看详情', 1, '', 'set'),
(12, 'HOME.AuthRule.add', '添加权限设定', 1, '', 'set'),
(13, 'HOME.AuthRule.edit', '编辑权限设定', 1, '', 'set'),
(14, 'HOME.AuthRule.foreverdelete', '删除权限设定', 1, '', 'set'),
(15, 'HOME.Department.add', '添加部门', 1, '', 'set'),
(16, 'HOME.Department.edit', '编辑部门', 1, '', 'set'),
(17, 'HOME.Department.foreverdelete', '删除部门', 1, '', 'set'),
(18, 'HOME.User.add', '添加用户', 1, '', 'set'),
(19, 'HOME.User.edit', '编辑用户', 1, '', 'set'),
(20, 'HOME.User.viewDetail', '查看用户详情', 1, '', 'set'),
(21, 'HOME.User.changeStatus', '修改用户状态', 1, '', 'set'),
(22, 'HOME.Workflow.add', '添加工作流', 1, '', 'set'),
(23, 'HOME.Workflow.edit', '修改工作流', 1, '', 'set'),
(24, 'HOME.WorkflowNode.add', '添加工作流节点', 1, '', 'set'),
(25, 'HOME.WorkflowNode.edit', '修改工作流节点', 1, '', 'set'),
(26, 'HOME.WorkflowNode.foreverdelete', '删除工作流节点', 1, '', 'set'),
(27, 'Statistics.Sale.index', '销售统计分析', 1, '', 'Statistics'),
(28, 'HOME.AuthRule.index', '权限设定列表', 1, '', 'set'),
(29, 'JXC.Goods.index', '产品列表', 1, '', 'basedata'),
(30, 'JXC.Goods.add', '新增产品', 1, '', 'basedata'),
(31, 'JXC.Goods.edit', '编辑产品', 1, '', 'basedata'),
(32, 'JXC.Goods.foreverdelete', '删除产品', 1, '', 'basedata'),
(33, 'JXC.GoodsCategory.add', '添加产品分类', 1, '', 'basedata'),
(34, 'JXC.GoodsCategory.edit', '修改产品分类', 1, '', 'basedata'),
(35, 'JXC.GoodsCategory.foreverdelete', '删除产品分类', 1, '', 'basedata'),
(36, 'JXC.GoodsCategory.index', '产品分类列表', 1, '', 'basedata'),
(37, 'JXC.GoodsColor.index', '产品颜色列表', 1, '', 'basedata'),
(38, 'JXC.GoodsColor.add', '添加产品颜色', 1, '', 'basedata'),
(39, 'JXC.GoodsColor.edit', '修改产品颜色', 1, '', 'basedata'),
(40, 'JXC.GoodsColor.foreverdelete', '删除产品颜色', 1, '', 'basedata'),
(41, 'JXC.GoodsStandard.index', '产品规格列表', 1, '', 'basedata'),
(42, 'JXC.GoodsStandard.add', '新增产品规格', 1, '', 'basedata'),
(43, 'JXC.GoodsStandard.edit', '修改产品规格', 1, '', 'basedata'),
(44, 'JXC.GoodsStandard.foreverdelete', '删除产品规格', 1, '', 'basedata'),
(45, 'JXC.Orders.index', '订单列表', 1, '', 'sale'),
(46, 'JXC.OrdersDetail.index', '订单明细列表', 1, '', 'sale'),
(47, 'JXC.Stock.index', '仓库列表', 1, '', 'set'),
(48, 'JXC.Stock.add', '新增仓库', 1, '', 'set'),
(49, 'JXC.Stock.edit', '修改仓库', 1, '', 'set'),
(50, 'JXC.Stock.foreverdelete', '删除仓库', 1, '', 'set'),
(51, 'JXC.StockProductList.index', '库存清单', 1, '', 'stock'),
(52, 'JXC.Stockin.index', '入库单列表', 1, '', 'stock'),
(53, 'JXC.Stockin.editDetail', '修改入库单明细', 1, '', 'stock'),
(54, 'JXC.Stockin.viewDetail', '查看入库单明细', 1, '', 'stock'),
(55, 'JXC.Stockin.delete', '删除入库单', 1, '', 'stock'),
(56, 'JXC.Orders.viewDetail', '查看订单明细', 1, '', 'sale'),
(57, 'JXC.Orders.editDetail', '编辑订单明细', 1, '', 'sale'),
(58, 'JXC.Stockout.index', '出库单列表', 1, '', 'stock'),
(59, 'JXC.Stockout.viewDetail', '查看出库单详情', 1, '', 'stock'),
(60, 'JXC.Stock.warning', '库存警告', 1, '', 'stock'),
(61, 'HOME.User.index', '用户列表', 1, '', 'set'),
(62, 'HOME.AuthGroup.index', '用户组列表', 1, '', 'set'),
(63, 'HOME.Department.index', '部门列表', 1, '', 'set'),
(64, 'HOME.Index.index', '基础首页', 1, '', 'all'),
(65, 'HOME.Index.dashboard', '首页控制面板', 1, '', 'all'),
(149, 'JXC.StockTransfer.editDetail', '编辑库存调拨单明细', 1, '', 'stock'),
(67, 'HOME.Workflow.index', '工作流列表', 1, '', 'set'),
(68, 'HOME.WorkflowNode.index', '工作流节点列表', 1, '', 'set'),
(69, 'HOME.WorkflowNode.setPermission', '设置工作流节点权限', 1, '', 'set'),
(70, 'JXC.Returns.index', '退货单列表', 1, '', 'stock'),
(71, 'JXC.Returns.add', '新建退货单', 1, '', 'stock'),
(72, 'JXC.Returns.edit', '修改退货单', 1, '', 'stock'),
(73, 'JXC.Shipment.index', '发货单列表', 1, '', 'stock'),
(74, 'JXC.Shipment.add', '新建发货单', 1, '', 'stock'),
(75, 'JXC.Shipment.edit', '修改发货单', 1, '', 'stock'),
(76, 'JXC.Returns.foreverdelete', '删除退货单', 1, '', 'stock'),
(77, 'JXC.Shipment.forverdelete', '删除发货单', 1, '', 'stock'),
(78, 'HOME.Config.index', '字段配置列表', 1, '', 'set'),
(79, 'HOME.Config.add', '添加字段配置', 1, '', 'set'),
(80, 'HOME.Config.edit', '修改字段配置', 1, '', 'set'),
(81, 'HOME.Config.foreverdelete', '删除字段配置', 1, '', 'set'),
(117, 'JXC.Returns.viewDetail', '查看退货单详情', 1, '', 'stock'),
(94, 'HOME.Settings.clearCache', '清除缓存', 1, '', 'set'),
(95, 'JXC.Shipment.viewDetail', '发货单详情', 1, '', 'stock'),
(96, 'JXC.Purchase.index', '采购单列表', 1, '', 'stock'),
(97, 'JXC.Purchase.add', '新建采购单', 1, '', 'stock'),
(98, 'JXC.Purchase.edit', '编辑采购单', 1, '', 'stock'),
(99, 'JXC.Purchase.viewDetail', '采购单详情', 1, '', 'stock'),
(100, 'JXC.Purchase.editDetail', '编辑采购单详情', 1, '', 'stock'),
(145, 'JXC.StockTransfer.index', '库存调拨列表', 1, '', 'stock'),
(104, 'JXC.Purchase.foreverdelete', '删除采购单', 1, '', 'stock'),
(146, 'JXC.StockTransfer.add', '新建库存调拨', 1, '', 'stock'),
(143, 'CRM.RelationshipCompanyLinkman.edit', '编辑往来单位联系人', 1, '', 'crm'),
(142, 'CRM.RelationshipCompanyLinkman.add', '新增往来单位联系人', 1, '', 'crm'),
(116, 'JXC.Returns.editDetail', '退货单详情', 1, '', 'stock'),
(110, 'HOME.Types.index', '类型管理', 1, '', 'basedata'),
(111, 'HOME.Types.add', '新增类型', 1, '', 'basedata'),
(112, 'HOME.Types.edit', '修改类型', 1, '', 'basedata'),
(113, 'HOME.Types.foreverdelete', '删除类型', 1, '', 'basedata'),
(114, 'HOME.Types.updateStatus', '更改类型状态', 1, '', 'basedata'),
(144, 'CRM.RelationshipCompanyLinkman.foreverdelete', '删除往来单位联系人', 1, '', 'crm'),
(118, 'Finance.FinanceAccount.index', '财务账户列表', 1, '', 'finance'),
(119, 'Finance.FinanceAccount.add', '新建财务账户', 1, '', 'finance'),
(120, 'Finance.FinanceAccount.edit', '修改财务账户', 1, '', 'finance'),
(121, 'Finance.FinanceAccount.viewDetail', '查看财务账户详情', 1, '', 'finance'),
(122, 'Finance.FinanceRecord.index', '财务收支记录', 1, '', 'finance'),
(123, 'Finance.FinanceRecord.viewDetail', '查看财务收支记录详情', 1, '', 'finance'),
(126, 'Finance.FinanceRecord.add', '新建财务记录', 1, '', 'finance'),
(127, 'Finance.FinanceRecord.foreverdelete', '删除财务记录', 1, '', 'finance'),
(128, 'Finance.FinancePayPlan.index', '财务支出计划', 1, '', 'finance'),
(129, 'Finance.FinancePayPlan.add', '新增财务支出计划', 1, '', 'finance'),
(130, 'Finance.FinancePayPlan.edit', '修改财务支出计划', 1, '', 'finance'),
(131, 'Finance.FinancePayPlan.viewDetail', '查看财务支出计划详情', 1, '', 'finance'),
(132, 'Finance.FinanceReceivePlan.index', '财务收款计划列表', 1, '', 'finance'),
(133, 'Finance.FinanceReceivePlan.add', '新建财务收款计划', 1, '', 'finance'),
(134, 'Finance.FinanceReceivePlan.edit', '修改财务收款计划', 1, '', 'finance'),
(135, 'Finance.FinanceReceivePlan.viewDetail', '查看财务收款详情', 1, '', 'finance'),
(136, 'CRM.RelationshipCompany.index', '往来单位列表', 1, '', 'crm'),
(137, 'CRM.RelationshipCompany.add', '添加往来单位', 1, '', 'crm'),
(138, 'CRM.RelationshipCompany.edit', '修改往来单位', 1, '', 'crm'),
(139, 'CRM.RelationshipCompany.viewDetail', '查看往来单位详情', 1, '', 'crm'),
(140, 'CRM.RelationshipCompany.foreverdelete', '删除往来单位', 1, '', 'crm'),
(141, 'Statistics.Overview.index', '统计总览', 1, '', 'Statistics'),
(151, 'Statistics.ProductView.index', '产品进销存表', 1, '', 'Statistics'),
(152, 'Accounting.AccountingVoucher.index', '记账凭证列表', 1, '', 'accounting'),
(153, 'Accounting.AccountingVoucher.add', '录凭证', 1, '', 'accounting'),
(154, 'HOME.My.Desktop', '我的桌面', 1, '', 'all'),
(155, 'JXC.Orders.quickInput', '订单快速录入', 1, '', 'sale');

-- --------------------------------------------------------

--
-- 表的结构 `x_config`
--

CREATE TABLE IF NOT EXISTS `x_config` (
  `id` int(11) NOT NULL AUTO_INCREMENT,
  `alias` varchar(20) NOT NULL,
  `name` varchar(30) NOT NULL,
  `value` varchar(50) NOT NULL,
  `description` varchar(255) DEFAULT NULL,
  PRIMARY KEY (`id`),
  KEY `name` (`name`,`value`),
  KEY `alias` (`alias`)
) ENGINE=MyISAM  DEFAULT CHARSET=utf8 AUTO_INCREMENT=4 ;

--
-- 转存表中的数据 `x_config`
--

INSERT INTO `x_config` (`id`, `alias`, `name`, `value`, `description`) VALUES
(1, 'company_name', '公司名称', '诸城某某服装公司', NULL),
(2, 'company_address', '公司地址', '山东省诸城市人民东路', NULL),
(3, 'company_phone', '联系电话', '0536-8888888', NULL);

-- --------------------------------------------------------

--
-- 表的结构 `x_department`
--

CREATE TABLE IF NOT EXISTS `x_department` (
  `id` int(11) NOT NULL AUTO_INCREMENT,
  `pid` int(5) NOT NULL DEFAULT '0',
  `name` varchar(50) NOT NULL,
  `lft` smallint(5) NOT NULL,
  `rgt` smallint(5) NOT NULL,
  `listorder` smallint(5) NOT NULL DEFAULT '99',
  PRIMARY KEY (`id`),
  KEY `lft` (`lft`,`rgt`,`listorder`),
  KEY `parentid` (`pid`)
) ENGINE=InnoDB  DEFAULT CHARSET=utf8 AUTO_INCREMENT=11 ;

--
-- 转存表中的数据 `x_department`
--

INSERT INTO `x_department` (`id`, `pid`, `name`, `lft`, `rgt`, `listorder`) VALUES
(1, 0, '某服装公司', 1, 20, 99),
(2, 1, '采购部', 2, 3, 99),
(3, 1, '销售部', 4, 11, 99),
(4, 1, '后勤部', 12, 13, 99),
(5, 1, '仓库部', 14, 15, 99),
(6, 3, '销售一部', 5, 6, 99),
(7, 3, '销售二部', 7, 8, 99),
(8, 1, '总经办', 16, 17, 99),
(9, 1, '财务', 18, 19, 99),
(10, 3, '网销部', 9, 10, 99);

-- --------------------------------------------------------

--
-- 表的结构 `x_finance_account`
--

CREATE TABLE IF NOT EXISTS `x_finance_account` (
  `id` int(11) NOT NULL AUTO_INCREMENT,
  `name` varchar(50) NOT NULL,
  `listorder` smallint(3) NOT NULL DEFAULT '99',
  `balance` float(10,2) NOT NULL DEFAULT '0.00',
  PRIMARY KEY (`id`),
  KEY `listorder` (`listorder`)
) ENGINE=InnoDB  DEFAULT CHARSET=utf8 AUTO_INCREMENT=3 ;

--
-- 转存表中的数据 `x_finance_account`
--

INSERT INTO `x_finance_account` (`id`, `name`, `listorder`, `balance`) VALUES
(1, '现金账户', 99, -46820.00),
(2, '公司银行账户', 99, 1784.00);

-- --------------------------------------------------------

--
-- 表的结构 `x_finance_pay_plan`
--

CREATE TABLE IF NOT EXISTS `x_finance_pay_plan` (
  `id` int(11) NOT NULL AUTO_INCREMENT,
  `subject` varchar(50) NOT NULL,
  `type_id` smallint(5) NOT NULL,
  `user_id` int(11) NOT NULL,
  `financer_id` int(11) NOT NULL DEFAULT '0',
  `account_id` int(11) NOT NULL DEFAULT '0',
  `supplier_id` int(11) NOT NULL,
  `source_model` varchar(50) DEFAULT NULL,
  `source_id` int(11) NOT NULL,
  `amount` float(10,2) NOT NULL,
  `create_dateline` varchar(12) NOT NULL,
  `pay_dateline` varchar(12) NOT NULL,
  `memo` varchar(255) NOT NULL,
  `status` smallint(1) NOT NULL DEFAULT '0',
  PRIMARY KEY (`id`),
  KEY `user_id` (`user_id`,`supplier_id`,`source_model`,`source_id`,`status`),
  KEY `create_dateline` (`create_dateline`),
  KEY `pay_dateline` (`pay_dateline`),
  KEY `account_id` (`account_id`),
  KEY `financer_id` (`financer_id`),
  KEY `type_id` (`type_id`)
) ENGINE=InnoDB  DEFAULT CHARSET=utf8 AUTO_INCREMENT=3 ;

--
-- 转存表中的数据 `x_finance_pay_plan`
--

INSERT INTO `x_finance_pay_plan` (`id`, `subject`, `type_id`, `user_id`, `financer_id`, `account_id`, `supplier_id`, `source_model`, `source_id`, `amount`, `create_dateline`, `pay_dateline`, `memo`, `status`) VALUES
(1, '客户退货', 16, 1, 0, 0, 21, 'Returns', 1, 0.00, '1389337284', '', '', 0),
(2, '采购原料', 14, 1, 1, 1, 21, 'Purchase', 1, 100000.00, '1389337508', '1389337702', '', 1);

-- --------------------------------------------------------

--
-- 表的结构 `x_finance_receive_plan`
--

CREATE TABLE IF NOT EXISTS `x_finance_receive_plan` (
  `id` int(11) NOT NULL AUTO_INCREMENT,
  `subject` varchar(50) NOT NULL,
  `type_id` smallint(5) NOT NULL,
  `user_id` int(11) NOT NULL,
  `financer_id` int(11) NOT NULL DEFAULT '0',
  `account_id` int(11) NOT NULL DEFAULT '0',
  `customer_id` int(11) NOT NULL,
  `source_model` varchar(50) DEFAULT NULL,
  `source_id` int(11) NOT NULL,
  `amount` float(10,2) NOT NULL,
  `create_dateline` varchar(12) NOT NULL,
  `pay_dateline` varchar(12) NOT NULL,
  `memo` varchar(255) NOT NULL,
  `status` smallint(1) NOT NULL DEFAULT '0',
  PRIMARY KEY (`id`),
  KEY `user_id` (`user_id`,`customer_id`,`source_model`,`source_id`,`status`),
  KEY `create_dateline` (`create_dateline`),
  KEY `pay_dateline` (`pay_dateline`),
  KEY `account_id` (`account_id`),
  KEY `financer_id` (`financer_id`),
  KEY `type_id` (`type_id`)
) ENGINE=InnoDB  DEFAULT CHARSET=utf8 AUTO_INCREMENT=3 ;

--
-- 转存表中的数据 `x_finance_receive_plan`
--

INSERT INTO `x_finance_receive_plan` (`id`, `subject`, `type_id`, `user_id`, `financer_id`, `account_id`, `customer_id`, `source_model`, `source_id`, `amount`, `create_dateline`, `pay_dateline`, `memo`, `status`) VALUES
(1, '客户拿货', 12, 1, 1, 1, 21, 'Orders', 1, 1045.00, '1389336658', '1389337425', '', 1),
(2, '仓库', 12, 1, 0, 0, 15, 'Orders', 2, 0.00, '1389338898', '', '', 0);

-- --------------------------------------------------------

--
-- 表的结构 `x_finance_record`
--

CREATE TABLE IF NOT EXISTS `x_finance_record` (
  `id` int(11) NOT NULL AUTO_INCREMENT,
  `type_id` smallint(5) NOT NULL,
  `account_id` smallint(3) NOT NULL,
  `user_id` int(11) NOT NULL,
  `financer_id` int(11) DEFAULT NULL,
  `amount` float(10,2) NOT NULL,
  `type` smallint(1) NOT NULL DEFAULT '1' COMMENT '1进2出',
  `status` smallint(1) NOT NULL DEFAULT '0',
  `dateline` varchar(12) NOT NULL,
  `memo` varchar(255) DEFAULT NULL,
  PRIMARY KEY (`id`),
  KEY `account_id` (`account_id`),
  KEY `type` (`type`,`status`),
  KEY `dateline` (`dateline`),
  KEY `user_id` (`user_id`),
  KEY `financer_id` (`financer_id`),
  KEY `type_id` (`type_id`)
) ENGINE=InnoDB  DEFAULT CHARSET=utf8 AUTO_INCREMENT=7 ;

--
-- 转存表中的数据 `x_finance_record`
--

INSERT INTO `x_finance_record` (`id`, `type_id`, `account_id`, `user_id`, `financer_id`, `amount`, `type`, `status`, `dateline`, `memo`) VALUES
(1, 12, 1, 1, 1, 1045.00, 1, 1, '1389337425', NULL),
(6, 14, 1, 1, 1, 100000.00, 1, 1, '1389337702', NULL);

-- --------------------------------------------------------

--
-- 表的结构 `x_goods`
--

CREATE TABLE IF NOT EXISTS `x_goods` (
  `id` int(11) NOT NULL AUTO_INCREMENT,
  `goods_category_id` int(11) NOT NULL,
  `name` varchar(20) NOT NULL,
  `measure` varchar(5) NOT NULL DEFAULT '件',
  `price` float NOT NULL,
  `factory_code` varchar(10) NOT NULL,
  `store_min` smallint(5) NOT NULL DEFAULT '-1',
  PRIMARY KEY (`id`),
  KEY `goods_category_id` (`goods_category_id`),
  KEY `factory_code` (`factory_code`)
) ENGINE=MyISAM  DEFAULT CHARSET=utf8 AUTO_INCREMENT=7 ;

--
-- 转存表中的数据 `x_goods`
--

INSERT INTO `x_goods` (`id`, `goods_category_id`, `name`, `measure`, `price`, `factory_code`, `store_min`) VALUES
(1, 12, '长裤A', '件', 200, '001', 100),
(2, 9, '圆领T恤', '件', 100, '002', 100),
(3, 10, '条纹衬衫', '件', 20, '003', 100),
(5, 13, '布料', '米', 0, '101', 100),
(6, 14, '线球', '个', 0, '201', 100);

-- --------------------------------------------------------

--
-- 表的结构 `x_goods_category`
--

CREATE TABLE IF NOT EXISTS `x_goods_category` (
  `id` int(11) NOT NULL AUTO_INCREMENT,
  `pid` int(5) NOT NULL DEFAULT '0',
  `name` varchar(50) NOT NULL,
  `lft` smallint(5) NOT NULL,
  `rgt` smallint(5) NOT NULL,
  `listorder` smallint(5) NOT NULL DEFAULT '99',
  PRIMARY KEY (`id`),
  KEY `lft` (`lft`,`rgt`,`listorder`),
  KEY `parentid` (`pid`)
) ENGINE=InnoDB  DEFAULT CHARSET=utf8 AUTO_INCREMENT=15 ;

--
-- 转存表中的数据 `x_goods_category`
--

INSERT INTO `x_goods_category` (`id`, `pid`, `name`, `lft`, `rgt`, `listorder`) VALUES
(1, 0, '主节点不可删除', 1, 18, 99),
(7, 1, '上衣', 2, 7, 99),
(8, 1, '裤子', 8, 13, 99),
(9, 7, 'T恤', 3, 4, 99),
(10, 7, '衬衫', 5, 6, 99),
(11, 8, '短裤', 9, 10, 99),
(12, 8, '长裤', 11, 12, 99),
(13, 1, '原料', 14, 15, 99),
(14, 1, '辅料', 16, 17, 99);

-- --------------------------------------------------------

--
-- 表的结构 `x_goods_color`
--

CREATE TABLE IF NOT EXISTS `x_goods_color` (
  `id` int(11) NOT NULL AUTO_INCREMENT,
  `name` varchar(50) NOT NULL,
  `listorder` smallint(3) NOT NULL DEFAULT '99',
  PRIMARY KEY (`id`),
  KEY `listorder` (`listorder`)
) ENGINE=MyISAM  DEFAULT CHARSET=utf8 AUTO_INCREMENT=6 ;

--
-- 转存表中的数据 `x_goods_color`
--

INSERT INTO `x_goods_color` (`id`, `name`, `listorder`) VALUES
(1, '白', 99),
(2, '黑', 99),
(3, '红', 99),
(4, '蓝', 99),
(5, '绿', 99);

-- --------------------------------------------------------

--
-- 表的结构 `x_goods_standard`
--

CREATE TABLE IF NOT EXISTS `x_goods_standard` (
  `id` int(11) NOT NULL AUTO_INCREMENT,
  `name` varchar(50) NOT NULL,
  `listorder` smallint(3) NOT NULL DEFAULT '99',
  PRIMARY KEY (`id`),
  KEY `name` (`name`),
  KEY `listorder` (`listorder`)
) ENGINE=MyISAM  DEFAULT CHARSET=utf8 AUTO_INCREMENT=7 ;

--
-- 转存表中的数据 `x_goods_standard`
--

INSERT INTO `x_goods_standard` (`id`, `name`, `listorder`) VALUES
(1, 'S', 99),
(2, 'M', 99),
(3, 'L', 99),
(4, 'XL', 99),
(5, 'XXL', 99),
(6, '均码', 99);

-- --------------------------------------------------------

--
-- 替换视图以便查看 `x_goods_view`
--
CREATE TABLE IF NOT EXISTS `x_goods_view` (
`id` int(11)
,`goods_category_id` int(11)
,`name` varchar(20)
,`measure` varchar(5)
,`price` float
,`factory_code` varchar(10)
,`store_min` smallint(5)
,`goods_category_name` varchar(50)
,`color_id` int(11)
,`color_name` varchar(50)
,`standard_id` int(11)
,`standard_name` varchar(50)
,`factory_code_all` varchar(34)
);
-- --------------------------------------------------------

--
-- 表的结构 `x_messages`
--

CREATE TABLE IF NOT EXISTS `x_messages` (
  `id` int(11) NOT NULL AUTO_INCREMENT,
  `uid` int(11) NOT NULL,
  `subject` varchar(255) NOT NULL,
  `content` text NOT NULL,
  `dateline` varchar(12) NOT NULL,
  `status` tinyint(4) NOT NULL,
  PRIMARY KEY (`id`),
  KEY `uid` (`uid`,`subject`,`dateline`,`status`)
) ENGINE=MyISAM DEFAULT CHARSET=utf8 AUTO_INCREMENT=1 ;

-- --------------------------------------------------------

--
-- 表的结构 `x_orders`
--

CREATE TABLE IF NOT EXISTS `x_orders` (
  `id` int(11) NOT NULL AUTO_INCREMENT,
  `bill_code` varchar(20) NOT NULL,
  `sale_type` smallint(3) NOT NULL,
  `subject` varchar(50) NOT NULL,
  `saler_id` int(11) NOT NULL,
  `customer_id` int(11) NOT NULL,
  `customer_linkman_id` int(11) NOT NULL,
  `stock_id` int(11) NOT NULL,
  `total_num` int(11) NOT NULL DEFAULT '0',
  `total_price` float NOT NULL DEFAULT '0',
  `total_price_real` float NOT NULL DEFAULT '0',
  `dateline` varchar(12) NOT NULL,
  `status` smallint(1) NOT NULL DEFAULT '0',
  `memo` varchar(255) NOT NULL,
  PRIMARY KEY (`id`),
  KEY `subject` (`subject`,`saler_id`,`customer_id`,`dateline`,`status`),
  KEY `stock_id` (`stock_id`),
  KEY `customer_linkman_id` (`customer_linkman_id`),
  KEY `sale_type` (`sale_type`)
) ENGINE=InnoDB  DEFAULT CHARSET=utf8 AUTO_INCREMENT=3 ;

--
-- 转存表中的数据 `x_orders`
--

INSERT INTO `x_orders` (`id`, `bill_code`, `sale_type`, `subject`, `saler_id`, `customer_id`, `customer_linkman_id`, `stock_id`, `total_num`, `total_price`, `total_price_real`, `dateline`, `status`, `memo`) VALUES
(1, 'E110366427896482', 3, '客户拿货', 1, 21, 23, 1, 6, 1045, 1045, '1389336642', 1, ''),
(2, 'E110380683302159', 2, '仓库', 1, 15, 18, 1, 0, 0, 0, '1389338068', 1, '');

-- --------------------------------------------------------

--
-- 表的结构 `x_orders_detail`
--

CREATE TABLE IF NOT EXISTS `x_orders_detail` (
  `id` int(11) NOT NULL AUTO_INCREMENT,
  `order_id` int(11) NOT NULL,
  `goods_id` int(11) NOT NULL,
  `color_id` int(11) NOT NULL,
  `standard_id` int(11) NOT NULL,
  `num` decimal(10,2) NOT NULL,
  `per_price` decimal(10,2) NOT NULL,
  `price` decimal(10,2) NOT NULL,
  `factory_code_all` varchar(50) NOT NULL,
  PRIMARY KEY (`id`),
  KEY `order_id` (`order_id`,`goods_id`,`color_id`,`standard_id`,`num`),
  KEY `factory_code_all` (`factory_code_all`)
) ENGINE=InnoDB  DEFAULT CHARSET=utf8 ROW_FORMAT=DYNAMIC AUTO_INCREMENT=3 ;

--
-- 转存表中的数据 `x_orders_detail`
--

INSERT INTO `x_orders_detail` (`id`, `order_id`, `goods_id`, `color_id`, `standard_id`, `num`, `per_price`, `price`, `factory_code_all`) VALUES
(1, 1, 1, 1, 1, '5.00', '189.00', '945.00', '001-1-1'),
(2, 1, 2, 1, 1, '1.00', '100.00', '100.00', '002-1-1');

-- --------------------------------------------------------

--
-- 表的结构 `x_produce_install`
--

CREATE TABLE IF NOT EXISTS `x_produce_install` (
  `id` int(11) NOT NULL AUTO_INCREMENT,
  `outstock_id` smallint(5) NOT NULL,
  `instock_id` smallint(5) NOT NULL,
  `subject` varchar(50) NOT NULL,
  `user_id` int(11) NOT NULL,
  `dateline` varchar(12) NOT NULL,
  `out_amount` smallint(5) NOT NULL,
  `in_amount` smallint(5) NOT NULL DEFAULT '0',
  `source_model` varchar(50) NOT NULL,
  `source_id` int(11) NOT NULL DEFAULT '0',
  `advance_id` int(11) NOT NULL DEFAULT '0',
  `memo` int(11) NOT NULL,
  PRIMARY KEY (`id`),
  KEY `outstock_id` (`outstock_id`,`user_id`,`dateline`,`source_model`,`source_id`,`advance_id`),
  KEY `instock_id` (`instock_id`),
  KEY `in_amount` (`in_amount`)
) ENGINE=InnoDB DEFAULT CHARSET=utf8 AUTO_INCREMENT=1 ;

-- --------------------------------------------------------

--
-- 表的结构 `x_produce_install_advance`
--

CREATE TABLE IF NOT EXISTS `x_produce_install_advance` (
  `id` int(11) NOT NULL AUTO_INCREMENT,
  `subject` varchar(50) NOT NULL,
  `instock_id` smallint(5) NOT NULL,
  `user_id` smallint(5) NOT NULL,
  `dateline` varchar(12) NOT NULL,
  `source_model` varchar(50) DEFAULT NULL,
  `souce_id` int(11) NOT NULL DEFAULT '0',
  `memo` varchar(255) DEFAULT NULL,
  PRIMARY KEY (`id`),
  KEY `instock_id` (`instock_id`,`user_id`,`dateline`,`source_model`,`souce_id`)
) ENGINE=InnoDB DEFAULT CHARSET=utf8 AUTO_INCREMENT=1 ;

-- --------------------------------------------------------

--
-- 表的结构 `x_produce_install_detail`
--

CREATE TABLE IF NOT EXISTS `x_produce_install_detail` (
  `id` int(11) NOT NULL AUTO_INCREMENT,
  `order_id` int(11) NOT NULL,
  `goods_id` int(11) NOT NULL,
  `color_id` int(11) NOT NULL,
  `standard_id` int(11) NOT NULL,
  `num` decimal(10,2) NOT NULL,
  `factory_code_all` varchar(50) NOT NULL,
  PRIMARY KEY (`id`),
  KEY `order_id` (`order_id`,`goods_id`,`color_id`,`standard_id`,`num`),
  KEY `factory_code_all` (`factory_code_all`)
) ENGINE=InnoDB DEFAULT CHARSET=utf8 ROW_FORMAT=COMPACT AUTO_INCREMENT=1 ;

-- --------------------------------------------------------

--
-- 表的结构 `x_purchase`
--

CREATE TABLE IF NOT EXISTS `x_purchase` (
  `id` int(11) NOT NULL AUTO_INCREMENT,
  `bill_code` varchar(20) NOT NULL,
  `purchase_type` smallint(3) NOT NULL,
  `subject` varchar(50) NOT NULL,
  `saler_id` int(11) NOT NULL,
  `supplier_id` int(11) NOT NULL,
  `supplier_linkman_id` int(11) NOT NULL,
  `stock_id` int(11) NOT NULL,
  `total_num` int(11) NOT NULL DEFAULT '0',
  `total_price` float NOT NULL DEFAULT '0',
  `total_price_real` float NOT NULL DEFAULT '0',
  `dateline` varchar(12) NOT NULL,
  `status` smallint(1) NOT NULL DEFAULT '0',
  `memo` varchar(255) NOT NULL,
  PRIMARY KEY (`id`),
  KEY `subject` (`subject`,`saler_id`,`supplier_id`,`dateline`,`status`),
  KEY `stock_id` (`stock_id`),
  KEY `customer_linkman_id` (`supplier_linkman_id`),
  KEY `sale_type` (`purchase_type`)
) ENGINE=InnoDB  DEFAULT CHARSET=utf8 AUTO_INCREMENT=2 ;

--
-- 转存表中的数据 `x_purchase`
--

INSERT INTO `x_purchase` (`id`, `bill_code`, `purchase_type`, `subject`, `saler_id`, `supplier_id`, `supplier_linkman_id`, `stock_id`, `total_num`, `total_price`, `total_price_real`, `dateline`, `status`, `memo`) VALUES
(1, 'E110373105696565', 1, '采购原料', 1, 21, 0, 1, 500, 100000, 100000, '1389337310', 2, '');

-- --------------------------------------------------------

--
-- 表的结构 `x_purchase_detail`
--

CREATE TABLE IF NOT EXISTS `x_purchase_detail` (
  `id` int(11) NOT NULL AUTO_INCREMENT,
  `purchase_id` int(11) NOT NULL,
  `goods_id` int(11) NOT NULL,
  `color_id` int(11) NOT NULL,
  `standard_id` int(11) NOT NULL,
  `num` decimal(10,2) NOT NULL,
  `per_price` decimal(10,2) NOT NULL,
  `price` decimal(10,2) NOT NULL,
  `factory_code_all` varchar(50) NOT NULL,
  PRIMARY KEY (`id`),
  KEY `order_id` (`purchase_id`,`goods_id`,`color_id`,`standard_id`,`num`),
  KEY `factory_code_all` (`factory_code_all`),
  KEY `id` (`id`)
) ENGINE=InnoDB  DEFAULT CHARSET=utf8 ROW_FORMAT=DYNAMIC AUTO_INCREMENT=2 ;

--
-- 转存表中的数据 `x_purchase_detail`
--

INSERT INTO `x_purchase_detail` (`id`, `purchase_id`, `goods_id`, `color_id`, `standard_id`, `num`, `per_price`, `price`, `factory_code_all`) VALUES
(1, 1, 1, 3, 1, '500.00', '200.00', '100000.00', '001-3-1');

-- --------------------------------------------------------

--
-- 表的结构 `x_region`
--

CREATE TABLE IF NOT EXISTS `x_region` (
  `id` int(11) NOT NULL AUTO_INCREMENT,
  `pid` int(11) NOT NULL,
  `name` varchar(40) NOT NULL,
  `type` tinyint(1) NOT NULL,
  `listorder` smallint(3) NOT NULL,
  PRIMARY KEY (`id`),
  KEY `pid` (`pid`)
) ENGINE=MyISAM  DEFAULT CHARSET=utf8 AUTO_INCREMENT=3410 ;

--
-- 转存表中的数据 `x_region`
--

INSERT INTO `x_region` (`id`, `pid`, `name`, `type`, `listorder`) VALUES
(1, 0, '中国', 0, 99),
(2, 1, '北京', 1, 99),
(3, 1, '安徽', 1, 99),
(4, 1, '福建', 1, 99),
(5, 1, '甘肃', 1, 99),
(6, 1, '广东', 1, 99),
(7, 1, '广西', 1, 99),
(8, 1, '贵州', 1, 99),
(9, 1, '海南', 1, 99),
(10, 1, '河北', 1, 99),
(11, 1, '河南', 1, 99),
(12, 1, '黑龙江', 1, 99),
(13, 1, '湖北', 1, 99),
(14, 1, '湖南', 1, 99),
(15, 1, '吉林', 1, 99),
(16, 1, '江苏', 1, 99),
(17, 1, '江西', 1, 99),
(18, 1, '辽宁', 1, 99),
(19, 1, '内蒙古', 1, 99),
(20, 1, '宁夏', 1, 99),
(21, 1, '青海', 1, 99),
(22, 1, '山东', 1, 99),
(23, 1, '山西', 1, 99),
(24, 1, '陕西', 1, 99),
(25, 1, '上海', 1, 99),
(26, 1, '四川', 1, 99),
(27, 1, '天津', 1, 99),
(28, 1, '西藏', 1, 99),
(29, 1, '新疆', 1, 99),
(30, 1, '云南', 1, 99),
(31, 1, '浙江', 1, 99),
(32, 1, '重庆', 1, 99),
(33, 1, '香港', 1, 99),
(34, 1, '澳门', 1, 99),
(35, 1, '台湾', 1, 99),
(36, 3, '安庆', 2, 99),
(37, 3, '蚌埠', 2, 99),
(38, 3, '巢湖', 2, 99),
(39, 3, '池州', 2, 99),
(40, 3, '滁州', 2, 99),
(41, 3, '阜阳', 2, 99),
(42, 3, '淮北', 2, 99),
(43, 3, '淮南', 2, 99),
(44, 3, '黄山', 2, 99),
(45, 3, '六安', 2, 99),
(46, 3, '马鞍山', 2, 99),
(47, 3, '宿州', 2, 99),
(48, 3, '铜陵', 2, 99),
(49, 3, '芜湖', 2, 99),
(50, 3, '宣城', 2, 99),
(51, 3, '亳州', 2, 99),
(52, 2, '北京', 2, 99),
(53, 4, '福州', 2, 99),
(54, 4, '龙岩', 2, 99),
(55, 4, '南平', 2, 99),
(56, 4, '宁德', 2, 99),
(57, 4, '莆田', 2, 99),
(58, 4, '泉州', 2, 99),
(59, 4, '三明', 2, 99),
(60, 4, '厦门', 2, 99),
(61, 4, '漳州', 2, 99),
(62, 5, '兰州', 2, 99),
(63, 5, '白银', 2, 99),
(64, 5, '定西', 2, 99),
(65, 5, '甘南', 2, 99),
(66, 5, '嘉峪关', 2, 99),
(67, 5, '金昌', 2, 99),
(68, 5, '酒泉', 2, 99),
(69, 5, '临夏', 2, 99),
(70, 5, '陇南', 2, 99),
(71, 5, '平凉', 2, 99),
(72, 5, '庆阳', 2, 99),
(73, 5, '天水', 2, 99),
(74, 5, '武威', 2, 99),
(75, 5, '张掖', 2, 99),
(76, 6, '广州', 2, 99),
(77, 6, '深圳', 2, 99),
(78, 6, '潮州', 2, 99),
(79, 6, '东莞', 2, 99),
(80, 6, '佛山', 2, 99),
(81, 6, '河源', 2, 99),
(82, 6, '惠州', 2, 99),
(83, 6, '江门', 2, 99),
(84, 6, '揭阳', 2, 99),
(85, 6, '茂名', 2, 99),
(86, 6, '梅州', 2, 99),
(87, 6, '清远', 2, 99),
(88, 6, '汕头', 2, 99),
(89, 6, '汕尾', 2, 99),
(90, 6, '韶关', 2, 99),
(91, 6, '阳江', 2, 99),
(92, 6, '云浮', 2, 99),
(93, 6, '湛江', 2, 99),
(94, 6, '肇庆', 2, 99),
(95, 6, '中山', 2, 99),
(96, 6, '珠海', 2, 99),
(97, 7, '南宁', 2, 99),
(98, 7, '桂林', 2, 99),
(99, 7, '百色', 2, 99),
(100, 7, '北海', 2, 99),
(101, 7, '崇左', 2, 99),
(102, 7, '防城港', 2, 99),
(103, 7, '贵港', 2, 99),
(104, 7, '河池', 2, 99),
(105, 7, '贺州', 2, 99),
(106, 7, '来宾', 2, 99),
(107, 7, '柳州', 2, 99),
(108, 7, '钦州', 2, 99),
(109, 7, '梧州', 2, 99),
(110, 7, '玉林', 2, 99),
(111, 8, '贵阳', 2, 99),
(112, 8, '安顺', 2, 99),
(113, 8, '毕节', 2, 99),
(114, 8, '六盘水', 2, 99),
(115, 8, '黔东南', 2, 99),
(116, 8, '黔南', 2, 99),
(117, 8, '黔西南', 2, 99),
(118, 8, '铜仁', 2, 99),
(119, 8, '遵义', 2, 99),
(120, 9, '海口', 2, 99),
(121, 9, '三亚', 2, 99),
(122, 9, '白沙', 2, 99),
(123, 9, '保亭', 2, 99),
(124, 9, '昌江', 2, 99),
(125, 9, '澄迈县', 2, 99),
(126, 9, '定安县', 2, 99),
(127, 9, '东方', 2, 99),
(128, 9, '乐东', 2, 99),
(129, 9, '临高县', 2, 99),
(130, 9, '陵水', 2, 99),
(131, 9, '琼海', 2, 99),
(132, 9, '琼中', 2, 99),
(133, 9, '屯昌县', 2, 99),
(134, 9, '万宁', 2, 99),
(135, 9, '文昌', 2, 99),
(136, 9, '五指山', 2, 99),
(137, 9, '儋州', 2, 99),
(138, 10, '石家庄', 2, 99),
(139, 10, '保定', 2, 99),
(140, 10, '沧州', 2, 99),
(141, 10, '承德', 2, 99),
(142, 10, '邯郸', 2, 99),
(143, 10, '衡水', 2, 99),
(144, 10, '廊坊', 2, 99),
(145, 10, '秦皇岛', 2, 99),
(146, 10, '唐山', 2, 99),
(147, 10, '邢台', 2, 99),
(148, 10, '张家口', 2, 99),
(149, 11, '郑州', 2, 99),
(150, 11, '洛阳', 2, 99),
(151, 11, '开封', 2, 99),
(152, 11, '安阳', 2, 99),
(153, 11, '鹤壁', 2, 99),
(154, 11, '济源', 2, 99),
(155, 11, '焦作', 2, 99),
(156, 11, '南阳', 2, 99),
(157, 11, '平顶山', 2, 99),
(158, 11, '三门峡', 2, 99),
(159, 11, '商丘', 2, 99),
(160, 11, '新乡', 2, 99),
(161, 11, '信阳', 2, 99),
(162, 11, '许昌', 2, 99),
(163, 11, '周口', 2, 99),
(164, 11, '驻马店', 2, 99),
(165, 11, '漯河', 2, 99),
(166, 11, '濮阳', 2, 99),
(167, 12, '哈尔滨', 2, 99),
(168, 12, '大庆', 2, 99),
(169, 12, '大兴安岭', 2, 99),
(170, 12, '鹤岗', 2, 99),
(171, 12, '黑河', 2, 99),
(172, 12, '鸡西', 2, 99),
(173, 12, '佳木斯', 2, 99),
(174, 12, '牡丹江', 2, 99),
(175, 12, '七台河', 2, 99),
(176, 12, '齐齐哈尔', 2, 99),
(177, 12, '双鸭山', 2, 99),
(178, 12, '绥化', 2, 99),
(179, 12, '伊春', 2, 99),
(180, 13, '武汉', 2, 99),
(181, 13, '仙桃', 2, 99),
(182, 13, '鄂州', 2, 99),
(183, 13, '黄冈', 2, 99),
(184, 13, '黄石', 2, 99),
(185, 13, '荆门', 2, 99),
(186, 13, '荆州', 2, 99),
(187, 13, '潜江', 2, 99),
(188, 13, '神农架林区', 2, 99),
(189, 13, '十堰', 2, 99),
(190, 13, '随州', 2, 99),
(191, 13, '天门', 2, 99),
(192, 13, '咸宁', 2, 99),
(193, 13, '襄樊', 2, 99),
(194, 13, '孝感', 2, 99),
(195, 13, '宜昌', 2, 99),
(196, 13, '恩施', 2, 99),
(197, 14, '长沙', 2, 99),
(198, 14, '张家界', 2, 99),
(199, 14, '常德', 2, 99),
(200, 14, '郴州', 2, 99),
(201, 14, '衡阳', 2, 99),
(202, 14, '怀化', 2, 99),
(203, 14, '娄底', 2, 99),
(204, 14, '邵阳', 2, 99),
(205, 14, '湘潭', 2, 99),
(206, 14, '湘西', 2, 99),
(207, 14, '益阳', 2, 99),
(208, 14, '永州', 2, 99),
(209, 14, '岳阳', 2, 99),
(210, 14, '株洲', 2, 99),
(211, 15, '长春', 2, 99),
(212, 15, '吉林', 2, 99),
(213, 15, '白城', 2, 99),
(214, 15, '白山', 2, 99),
(215, 15, '辽源', 2, 99),
(216, 15, '四平', 2, 99),
(217, 15, '松原', 2, 99),
(218, 15, '通化', 2, 99),
(219, 15, '延边', 2, 99),
(220, 16, '南京', 2, 99),
(221, 16, '苏州', 2, 99),
(222, 16, '无锡', 2, 99),
(223, 16, '常州', 2, 99),
(224, 16, '淮安', 2, 99),
(225, 16, '连云港', 2, 99),
(226, 16, '南通', 2, 99),
(227, 16, '宿迁', 2, 99),
(228, 16, '泰州', 2, 99),
(229, 16, '徐州', 2, 99),
(230, 16, '盐城', 2, 99),
(231, 16, '扬州', 2, 99),
(232, 16, '镇江', 2, 99),
(233, 17, '南昌', 2, 99),
(234, 17, '抚州', 2, 99),
(235, 17, '赣州', 2, 99),
(236, 17, '吉安', 2, 99),
(237, 17, '景德镇', 2, 99),
(238, 17, '九江', 2, 99),
(239, 17, '萍乡', 2, 99),
(240, 17, '上饶', 2, 99),
(241, 17, '新余', 2, 99),
(242, 17, '宜春', 2, 99),
(243, 17, '鹰潭', 2, 99),
(244, 18, '沈阳', 2, 99),
(245, 18, '大连', 2, 99),
(246, 18, '鞍山', 2, 99),
(247, 18, '本溪', 2, 99),
(248, 18, '朝阳', 2, 99),
(249, 18, '丹东', 2, 99),
(250, 18, '抚顺', 2, 99),
(251, 18, '阜新', 2, 99),
(252, 18, '葫芦岛', 2, 99),
(253, 18, '锦州', 2, 99),
(254, 18, '辽阳', 2, 99),
(255, 18, '盘锦', 2, 99),
(256, 18, '铁岭', 2, 99),
(257, 18, '营口', 2, 99),
(258, 19, '呼和浩特', 2, 99),
(259, 19, '阿拉善盟', 2, 99),
(260, 19, '巴彦淖尔盟', 2, 99),
(261, 19, '包头', 2, 99),
(262, 19, '赤峰', 2, 99),
(263, 19, '鄂尔多斯', 2, 99),
(264, 19, '呼伦贝尔', 2, 99),
(265, 19, '通辽', 2, 99),
(266, 19, '乌海', 2, 99),
(267, 19, '乌兰察布市', 2, 99),
(268, 19, '锡林郭勒盟', 2, 99),
(269, 19, '兴安盟', 2, 99),
(270, 20, '银川', 2, 99),
(271, 20, '固原', 2, 99),
(272, 20, '石嘴山', 2, 99),
(273, 20, '吴忠', 2, 99),
(274, 20, '中卫', 2, 99),
(275, 21, '西宁', 2, 99),
(276, 21, '果洛', 2, 99),
(277, 21, '海北', 2, 99),
(278, 21, '海东', 2, 99),
(279, 21, '海南', 2, 99),
(280, 21, '海西', 2, 99),
(281, 21, '黄南', 2, 99),
(282, 21, '玉树', 2, 99),
(283, 22, '济南', 2, 99),
(284, 22, '青岛', 2, 99),
(285, 22, '滨州', 2, 99),
(286, 22, '德州', 2, 99),
(287, 22, '东营', 2, 99),
(288, 22, '菏泽', 2, 99),
(289, 22, '济宁', 2, 99),
(290, 22, '莱芜', 2, 99),
(291, 22, '聊城', 2, 99),
(292, 22, '临沂', 2, 99),
(293, 22, '日照', 2, 99),
(294, 22, '泰安', 2, 99),
(295, 22, '威海', 2, 99),
(296, 22, '潍坊', 2, 99),
(297, 22, '烟台', 2, 99),
(298, 22, '枣庄', 2, 99),
(299, 22, '淄博', 2, 99),
(300, 23, '太原', 2, 99),
(301, 23, '长治', 2, 99),
(302, 23, '大同', 2, 99),
(303, 23, '晋城', 2, 99),
(304, 23, '晋中', 2, 99),
(305, 23, '临汾', 2, 99),
(306, 23, '吕梁', 2, 99),
(307, 23, '朔州', 2, 99),
(308, 23, '忻州', 2, 99),
(309, 23, '阳泉', 2, 99),
(310, 23, '运城', 2, 99),
(311, 24, '西安', 2, 99),
(312, 24, '安康', 2, 99),
(313, 24, '宝鸡', 2, 99),
(314, 24, '汉中', 2, 99),
(315, 24, '商洛', 2, 99),
(316, 24, '铜川', 2, 99),
(317, 24, '渭南', 2, 99),
(318, 24, '咸阳', 2, 99),
(319, 24, '延安', 2, 99),
(320, 24, '榆林', 2, 99),
(321, 25, '上海', 2, 99),
(322, 26, '成都', 2, 99),
(323, 26, '绵阳', 2, 99),
(324, 26, '阿坝', 2, 99),
(325, 26, '巴中', 2, 99),
(326, 26, '达州', 2, 99),
(327, 26, '德阳', 2, 99),
(328, 26, '甘孜', 2, 99),
(329, 26, '广安', 2, 99),
(330, 26, '广元', 2, 99),
(331, 26, '乐山', 2, 99),
(332, 26, '凉山', 2, 99),
(333, 26, '眉山', 2, 99),
(334, 26, '南充', 2, 99),
(335, 26, '内江', 2, 99),
(336, 26, '攀枝花', 2, 99),
(337, 26, '遂宁', 2, 99),
(338, 26, '雅安', 2, 99),
(339, 26, '宜宾', 2, 99),
(340, 26, '资阳', 2, 99),
(341, 26, '自贡', 2, 99),
(342, 26, '泸州', 2, 99),
(343, 27, '天津', 2, 99),
(344, 28, '拉萨', 2, 99),
(345, 28, '阿里', 2, 99),
(346, 28, '昌都', 2, 99),
(347, 28, '林芝', 2, 99),
(348, 28, '那曲', 2, 99),
(349, 28, '日喀则', 2, 99),
(350, 28, '山南', 2, 99),
(351, 29, '乌鲁木齐', 2, 99),
(352, 29, '阿克苏', 2, 99),
(353, 29, '阿拉尔', 2, 99),
(354, 29, '巴音郭楞', 2, 99),
(355, 29, '博尔塔拉', 2, 99),
(356, 29, '昌吉', 2, 99),
(357, 29, '哈密', 2, 99),
(358, 29, '和田', 2, 99),
(359, 29, '喀什', 2, 99),
(360, 29, '克拉玛依', 2, 99),
(361, 29, '克孜勒苏', 2, 99),
(362, 29, '石河子', 2, 99),
(363, 29, '图木舒克', 2, 99),
(364, 29, '吐鲁番', 2, 99),
(365, 29, '五家渠', 2, 99),
(366, 29, '伊犁', 2, 99),
(367, 30, '昆明', 2, 99),
(368, 30, '怒江', 2, 99),
(369, 30, '普洱', 2, 99),
(370, 30, '丽江', 2, 99),
(371, 30, '保山', 2, 99),
(372, 30, '楚雄', 2, 99),
(373, 30, '大理', 2, 99),
(374, 30, '德宏', 2, 99),
(375, 30, '迪庆', 2, 99),
(376, 30, '红河', 2, 99),
(377, 30, '临沧', 2, 99),
(378, 30, '曲靖', 2, 99),
(379, 30, '文山', 2, 99),
(380, 30, '西双版纳', 2, 99),
(381, 30, '玉溪', 2, 99),
(382, 30, '昭通', 2, 99),
(383, 31, '杭州', 2, 99),
(384, 31, '湖州', 2, 99),
(385, 31, '嘉兴', 2, 99),
(386, 31, '金华', 2, 99),
(387, 31, '丽水', 2, 99),
(388, 31, '宁波', 2, 99),
(389, 31, '绍兴', 2, 99),
(390, 31, '台州', 2, 99),
(391, 31, '温州', 2, 99),
(392, 31, '舟山', 2, 99),
(393, 31, '衢州', 2, 99),
(394, 32, '重庆', 2, 99),
(395, 33, '香港', 2, 99),
(396, 34, '澳门', 2, 99),
(397, 35, '台湾', 2, 99),
(398, 36, '迎江区', 3, 99),
(399, 36, '大观区', 3, 99),
(400, 36, '宜秀区', 3, 99),
(401, 36, '桐城市', 3, 99),
(402, 36, '怀宁县', 3, 99),
(403, 36, '枞阳县', 3, 99),
(404, 36, '潜山县', 3, 99),
(405, 36, '太湖县', 3, 99),
(406, 36, '宿松县', 3, 99),
(407, 36, '望江县', 3, 99),
(408, 36, '岳西县', 3, 99),
(409, 37, '中市区', 3, 99),
(410, 37, '东市区', 3, 99),
(411, 37, '西市区', 3, 99),
(412, 37, '郊区', 3, 99),
(413, 37, '怀远县', 3, 99),
(414, 37, '五河县', 3, 99),
(415, 37, '固镇县', 3, 99),
(416, 38, '居巢区', 3, 99),
(417, 38, '庐江县', 3, 99),
(418, 38, '无为县', 3, 99),
(419, 38, '含山县', 3, 99),
(420, 38, '和县', 3, 99),
(421, 39, '贵池区', 3, 99),
(422, 39, '东至县', 3, 99),
(423, 39, '石台县', 3, 99),
(424, 39, '青阳县', 3, 99),
(425, 40, '琅琊区', 3, 99),
(426, 40, '南谯区', 3, 99),
(427, 40, '天长市', 3, 99),
(428, 40, '明光市', 3, 99),
(429, 40, '来安县', 3, 99),
(430, 40, '全椒县', 3, 99),
(431, 40, '定远县', 3, 99),
(432, 40, '凤阳县', 3, 99),
(433, 41, '蚌山区', 3, 99),
(434, 41, '龙子湖区', 3, 99),
(435, 41, '禹会区', 3, 99),
(436, 41, '淮上区', 3, 99),
(437, 41, '颍州区', 3, 99),
(438, 41, '颍东区', 3, 99),
(439, 41, '颍泉区', 3, 99),
(440, 41, '界首市', 3, 99),
(441, 41, '临泉县', 3, 99),
(442, 41, '太和县', 3, 99),
(443, 41, '阜南县', 3, 99),
(444, 41, '颖上县', 3, 99),
(445, 42, '相山区', 3, 99),
(446, 42, '杜集区', 3, 99),
(447, 42, '烈山区', 3, 99),
(448, 42, '濉溪县', 3, 99),
(449, 43, '田家庵区', 3, 99),
(450, 43, '大通区', 3, 99),
(451, 43, '谢家集区', 3, 99),
(452, 43, '八公山区', 3, 99),
(453, 43, '潘集区', 3, 99),
(454, 43, '凤台县', 3, 99),
(455, 44, '屯溪区', 3, 99),
(456, 44, '黄山区', 3, 99),
(457, 44, '徽州区', 3, 99),
(458, 44, '歙县', 3, 99),
(459, 44, '休宁县', 3, 99),
(460, 44, '黟县', 3, 99),
(461, 44, '祁门县', 3, 99),
(462, 45, '金安区', 3, 99),
(463, 45, '裕安区', 3, 99),
(464, 45, '寿县', 3, 99),
(465, 45, '霍邱县', 3, 99),
(466, 45, '舒城县', 3, 99),
(467, 45, '金寨县', 3, 99),
(468, 45, '霍山县', 3, 99),
(469, 46, '雨山区', 3, 99),
(470, 46, '花山区', 3, 99),
(471, 46, '金家庄区', 3, 99),
(472, 46, '当涂县', 3, 99),
(473, 47, '埇桥区', 3, 99),
(474, 47, '砀山县', 3, 99),
(475, 47, '萧县', 3, 99),
(476, 47, '灵璧县', 3, 99),
(477, 47, '泗县', 3, 99),
(478, 48, '铜官山区', 3, 99),
(479, 48, '狮子山区', 3, 99),
(480, 48, '郊区', 3, 99),
(481, 48, '铜陵县', 3, 99),
(482, 49, '镜湖区', 3, 99),
(483, 49, '弋江区', 3, 99),
(484, 49, '鸠江区', 3, 99),
(485, 49, '三山区', 3, 99),
(486, 49, '芜湖县', 3, 99),
(487, 49, '繁昌县', 3, 99),
(488, 49, '南陵县', 3, 99),
(489, 50, '宣州区', 3, 99),
(490, 50, '宁国市', 3, 99),
(491, 50, '郎溪县', 3, 99),
(492, 50, '广德县', 3, 99),
(493, 50, '泾县', 3, 99),
(494, 50, '绩溪县', 3, 99),
(495, 50, '旌德县', 3, 99),
(496, 51, '涡阳县', 3, 99),
(497, 51, '蒙城县', 3, 99),
(498, 51, '利辛县', 3, 99),
(499, 51, '谯城区', 3, 99),
(500, 52, '东城区', 3, 99),
(501, 52, '西城区', 3, 99),
(502, 52, '海淀区', 3, 99),
(503, 52, '朝阳区', 3, 99),
(504, 52, '崇文区', 3, 99),
(505, 52, '宣武区', 3, 99),
(506, 52, '丰台区', 3, 99),
(507, 52, '石景山区', 3, 99),
(508, 52, '房山区', 3, 99),
(509, 52, '门头沟区', 3, 99),
(510, 52, '通州区', 3, 99),
(511, 52, '顺义区', 3, 99),
(512, 52, '昌平区', 3, 99),
(513, 52, '怀柔区', 3, 99),
(514, 52, '平谷区', 3, 99),
(515, 52, '大兴区', 3, 99),
(516, 52, '密云县', 3, 99),
(517, 52, '延庆县', 3, 99),
(518, 53, '鼓楼区', 3, 99),
(519, 53, '台江区', 3, 99),
(520, 53, '仓山区', 3, 99),
(521, 53, '马尾区', 3, 99),
(522, 53, '晋安区', 3, 99),
(523, 53, '福清市', 3, 99),
(524, 53, '长乐市', 3, 99),
(525, 53, '闽侯县', 3, 99),
(526, 53, '连江县', 3, 99),
(527, 53, '罗源县', 3, 99),
(528, 53, '闽清县', 3, 99),
(529, 53, '永泰县', 3, 99),
(530, 53, '平潭县', 3, 99),
(531, 54, '新罗区', 3, 99),
(532, 54, '漳平市', 3, 99),
(533, 54, '长汀县', 3, 99),
(534, 54, '永定县', 3, 99),
(535, 54, '上杭县', 3, 99),
(536, 54, '武平县', 3, 99),
(537, 54, '连城县', 3, 99),
(538, 55, '延平区', 3, 99),
(539, 55, '邵武市', 3, 99),
(540, 55, '武夷山市', 3, 99),
(541, 55, '建瓯市', 3, 99),
(542, 55, '建阳市', 3, 99),
(543, 55, '顺昌县', 3, 99),
(544, 55, '浦城县', 3, 99),
(545, 55, '光泽县', 3, 99),
(546, 55, '松溪县', 3, 99),
(547, 55, '政和县', 3, 99),
(548, 56, '蕉城区', 3, 99),
(549, 56, '福安市', 3, 99),
(550, 56, '福鼎市', 3, 99),
(551, 56, '霞浦县', 3, 99),
(552, 56, '古田县', 3, 99),
(553, 56, '屏南县', 3, 99),
(554, 56, '寿宁县', 3, 99),
(555, 56, '周宁县', 3, 99),
(556, 56, '柘荣县', 3, 99),
(557, 57, '城厢区', 3, 99),
(558, 57, '涵江区', 3, 99),
(559, 57, '荔城区', 3, 99),
(560, 57, '秀屿区', 3, 99),
(561, 57, '仙游县', 3, 99),
(562, 58, '鲤城区', 3, 99),
(563, 58, '丰泽区', 3, 99),
(564, 58, '洛江区', 3, 99),
(565, 58, '清濛开发区', 3, 99),
(566, 58, '泉港区', 3, 99),
(567, 58, '石狮市', 3, 99),
(568, 58, '晋江市', 3, 99),
(569, 58, '南安市', 3, 99),
(570, 58, '惠安县', 3, 99),
(571, 58, '安溪县', 3, 99),
(572, 58, '永春县', 3, 99),
(573, 58, '德化县', 3, 99),
(574, 58, '金门县', 3, 99),
(575, 59, '梅列区', 3, 99),
(576, 59, '三元区', 3, 99),
(577, 59, '永安市', 3, 99),
(578, 59, '明溪县', 3, 99),
(579, 59, '清流县', 3, 99),
(580, 59, '宁化县', 3, 99),
(581, 59, '大田县', 3, 99),
(582, 59, '尤溪县', 3, 99),
(583, 59, '沙县', 3, 99),
(584, 59, '将乐县', 3, 99),
(585, 59, '泰宁县', 3, 99),
(586, 59, '建宁县', 3, 99),
(587, 60, '思明区', 3, 99),
(588, 60, '海沧区', 3, 99),
(589, 60, '湖里区', 3, 99),
(590, 60, '集美区', 3, 99),
(591, 60, '同安区', 3, 99),
(592, 60, '翔安区', 3, 99),
(593, 61, '芗城区', 3, 99),
(594, 61, '龙文区', 3, 99),
(595, 61, '龙海市', 3, 99),
(596, 61, '云霄县', 3, 99),
(597, 61, '漳浦县', 3, 99),
(598, 61, '诏安县', 3, 99),
(599, 61, '长泰县', 3, 99),
(600, 61, '东山县', 3, 99),
(601, 61, '南靖县', 3, 99),
(602, 61, '平和县', 3, 99),
(603, 61, '华安县', 3, 99),
(604, 62, '皋兰县', 3, 99),
(605, 62, '城关区', 3, 99),
(606, 62, '七里河区', 3, 99),
(607, 62, '西固区', 3, 99),
(608, 62, '安宁区', 3, 99),
(609, 62, '红古区', 3, 99),
(610, 62, '永登县', 3, 99),
(611, 62, '榆中县', 3, 99),
(612, 63, '白银区', 3, 99),
(613, 63, '平川区', 3, 99),
(614, 63, '会宁县', 3, 99),
(615, 63, '景泰县', 3, 99),
(616, 63, '靖远县', 3, 99),
(617, 64, '临洮县', 3, 99),
(618, 64, '陇西县', 3, 99),
(619, 64, '通渭县', 3, 99),
(620, 64, '渭源县', 3, 99),
(621, 64, '漳县', 3, 99),
(622, 64, '岷县', 3, 99),
(623, 64, '安定区', 3, 99),
(624, 64, '安定区', 3, 99),
(625, 65, '合作市', 3, 99),
(626, 65, '临潭县', 3, 99),
(627, 65, '卓尼县', 3, 99),
(628, 65, '舟曲县', 3, 99),
(629, 65, '迭部县', 3, 99),
(630, 65, '玛曲县', 3, 99),
(631, 65, '碌曲县', 3, 99),
(632, 65, '夏河县', 3, 99),
(633, 66, '嘉峪关市', 3, 99),
(634, 67, '金川区', 3, 99),
(635, 67, '永昌县', 3, 99),
(636, 68, '肃州区', 3, 99),
(637, 68, '玉门市', 3, 99),
(638, 68, '敦煌市', 3, 99),
(639, 68, '金塔县', 3, 99),
(640, 68, '瓜州县', 3, 99),
(641, 68, '肃北', 3, 99),
(642, 68, '阿克塞', 3, 99),
(643, 69, '临夏市', 3, 99),
(644, 69, '临夏县', 3, 99),
(645, 69, '康乐县', 3, 99),
(646, 69, '永靖县', 3, 99),
(647, 69, '广河县', 3, 99),
(648, 69, '和政县', 3, 99),
(649, 69, '东乡族自治县', 3, 99),
(650, 69, '积石山', 3, 99),
(651, 70, '成县', 3, 99),
(652, 70, '徽县', 3, 99),
(653, 70, '康县', 3, 99),
(654, 70, '礼县', 3, 99),
(655, 70, '两当县', 3, 99),
(656, 70, '文县', 3, 99),
(657, 70, '西和县', 3, 99),
(658, 70, '宕昌县', 3, 99),
(659, 70, '武都区', 3, 99),
(660, 71, '崇信县', 3, 99),
(661, 71, '华亭县', 3, 99),
(662, 71, '静宁县', 3, 99),
(663, 71, '灵台县', 3, 99),
(664, 71, '崆峒区', 3, 99),
(665, 71, '庄浪县', 3, 99),
(666, 71, '泾川县', 3, 99),
(667, 72, '合水县', 3, 99),
(668, 72, '华池县', 3, 99),
(669, 72, '环县', 3, 99),
(670, 72, '宁县', 3, 99),
(671, 72, '庆城县', 3, 99),
(672, 72, '西峰区', 3, 99),
(673, 72, '镇原县', 3, 99),
(674, 72, '正宁县', 3, 99),
(675, 73, '甘谷县', 3, 99),
(676, 73, '秦安县', 3, 99),
(677, 73, '清水县', 3, 99),
(678, 73, '秦州区', 3, 99),
(679, 73, '麦积区', 3, 99),
(680, 73, '武山县', 3, 99),
(681, 73, '张家川', 3, 99),
(682, 74, '古浪县', 3, 99),
(683, 74, '民勤县', 3, 99),
(684, 74, '天祝', 3, 99),
(685, 74, '凉州区', 3, 99),
(686, 75, '高台县', 3, 99),
(687, 75, '临泽县', 3, 99),
(688, 75, '民乐县', 3, 99),
(689, 75, '山丹县', 3, 99),
(690, 75, '肃南', 3, 99),
(691, 75, '甘州区', 3, 99),
(692, 76, '从化市', 3, 99),
(693, 76, '天河区', 3, 99),
(694, 76, '东山区', 3, 99),
(695, 76, '白云区', 3, 99),
(696, 76, '海珠区', 3, 99),
(697, 76, '荔湾区', 3, 99),
(698, 76, '越秀区', 3, 99),
(699, 76, '黄埔区', 3, 99),
(700, 76, '番禺区', 3, 99),
(701, 76, '花都区', 3, 99),
(702, 76, '增城区', 3, 99),
(703, 76, '从化区', 3, 99),
(704, 76, '市郊', 3, 99),
(705, 77, '福田区', 3, 99),
(706, 77, '罗湖区', 3, 99),
(707, 77, '南山区', 3, 99),
(708, 77, '宝安区', 3, 99),
(709, 77, '龙岗区', 3, 99),
(710, 77, '盐田区', 3, 99),
(711, 78, '湘桥区', 3, 99),
(712, 78, '潮安县', 3, 99),
(713, 78, '饶平县', 3, 99),
(714, 79, '南城区', 3, 99),
(715, 79, '东城区', 3, 99),
(716, 79, '万江区', 3, 99),
(717, 79, '莞城区', 3, 99),
(718, 79, '石龙镇', 3, 99),
(719, 79, '虎门镇', 3, 99),
(720, 79, '麻涌镇', 3, 99),
(721, 79, '道滘镇', 3, 99),
(722, 79, '石碣镇', 3, 99),
(723, 79, '沙田镇', 3, 99),
(724, 79, '望牛墩镇', 3, 99),
(725, 79, '洪梅镇', 3, 99),
(726, 79, '茶山镇', 3, 99),
(727, 79, '寮步镇', 3, 99),
(728, 79, '大岭山镇', 3, 99),
(729, 79, '大朗镇', 3, 99),
(730, 79, '黄江镇', 3, 99),
(731, 79, '樟木头', 3, 99),
(732, 79, '凤岗镇', 3, 99),
(733, 79, '塘厦镇', 3, 99),
(734, 79, '谢岗镇', 3, 99),
(735, 79, '厚街镇', 3, 99),
(736, 79, '清溪镇', 3, 99),
(737, 79, '常平镇', 3, 99),
(738, 79, '桥头镇', 3, 99),
(739, 79, '横沥镇', 3, 99),
(740, 79, '东坑镇', 3, 99),
(741, 79, '企石镇', 3, 99),
(742, 79, '石排镇', 3, 99),
(743, 79, '长安镇', 3, 99),
(744, 79, '中堂镇', 3, 99),
(745, 79, '高埗镇', 3, 99),
(746, 80, '禅城区', 3, 99),
(747, 80, '南海区', 3, 99),
(748, 80, '顺德区', 3, 99),
(749, 80, '三水区', 3, 99),
(750, 80, '高明区', 3, 99),
(751, 81, '东源县', 3, 99),
(752, 81, '和平县', 3, 99),
(753, 81, '源城区', 3, 99),
(754, 81, '连平县', 3, 99),
(755, 81, '龙川县', 3, 99),
(756, 81, '紫金县', 3, 99),
(757, 82, '惠阳区', 3, 99),
(758, 82, '惠城区', 3, 99),
(759, 82, '大亚湾', 3, 99),
(760, 82, '博罗县', 3, 99),
(761, 82, '惠东县', 3, 99),
(762, 82, '龙门县', 3, 99),
(763, 83, '江海区', 3, 99),
(764, 83, '蓬江区', 3, 99),
(765, 83, '新会区', 3, 99),
(766, 83, '台山市', 3, 99),
(767, 83, '开平市', 3, 99),
(768, 83, '鹤山市', 3, 99),
(769, 83, '恩平市', 3, 99),
(770, 84, '榕城区', 3, 99),
(771, 84, '普宁市', 3, 99),
(772, 84, '揭东县', 3, 99),
(773, 84, '揭西县', 3, 99),
(774, 84, '惠来县', 3, 99),
(775, 85, '茂南区', 3, 99),
(776, 85, '茂港区', 3, 99),
(777, 85, '高州市', 3, 99),
(778, 85, '化州市', 3, 99),
(779, 85, '信宜市', 3, 99),
(780, 85, '电白县', 3, 99),
(781, 86, '梅县', 3, 99),
(782, 86, '梅江区', 3, 99),
(783, 86, '兴宁市', 3, 99),
(784, 86, '大埔县', 3, 99),
(785, 86, '丰顺县', 3, 99),
(786, 86, '五华县', 3, 99),
(787, 86, '平远县', 3, 99),
(788, 86, '蕉岭县', 3, 99),
(789, 87, '清城区', 3, 99),
(790, 87, '英德市', 3, 99),
(791, 87, '连州市', 3, 99),
(792, 87, '佛冈县', 3, 99),
(793, 87, '阳山县', 3, 99),
(794, 87, '清新县', 3, 99),
(795, 87, '连山', 3, 99),
(796, 87, '连南', 3, 99),
(797, 88, '南澳县', 3, 99),
(798, 88, '潮阳区', 3, 99),
(799, 88, '澄海区', 3, 99),
(800, 88, '龙湖区', 3, 99),
(801, 88, '金平区', 3, 99),
(802, 88, '濠江区', 3, 99),
(803, 88, '潮南区', 3, 99),
(804, 89, '城区', 3, 99),
(805, 89, '陆丰市', 3, 99),
(806, 89, '海丰县', 3, 99),
(807, 89, '陆河县', 3, 99),
(808, 90, '曲江县', 3, 99),
(809, 90, '浈江区', 3, 99),
(810, 90, '武江区', 3, 99),
(811, 90, '曲江区', 3, 99),
(812, 90, '乐昌市', 3, 99),
(813, 90, '南雄市', 3, 99),
(814, 90, '始兴县', 3, 99),
(815, 90, '仁化县', 3, 99),
(816, 90, '翁源县', 3, 99),
(817, 90, '新丰县', 3, 99),
(818, 90, '乳源', 3, 99),
(819, 91, '江城区', 3, 99),
(820, 91, '阳春市', 3, 99),
(821, 91, '阳西县', 3, 99),
(822, 91, '阳东县', 3, 99),
(823, 92, '云城区', 3, 99),
(824, 92, '罗定市', 3, 99),
(825, 92, '新兴县', 3, 99),
(826, 92, '郁南县', 3, 99),
(827, 92, '云安县', 3, 99),
(828, 93, '赤坎区', 3, 99),
(829, 93, '霞山区', 3, 99),
(830, 93, '坡头区', 3, 99),
(831, 93, '麻章区', 3, 99),
(832, 93, '廉江市', 3, 99),
(833, 93, '雷州市', 3, 99),
(834, 93, '吴川市', 3, 99),
(835, 93, '遂溪县', 3, 99),
(836, 93, '徐闻县', 3, 99),
(837, 94, '肇庆市', 3, 99),
(838, 94, '高要市', 3, 99),
(839, 94, '四会市', 3, 99),
(840, 94, '广宁县', 3, 99),
(841, 94, '怀集县', 3, 99),
(842, 94, '封开县', 3, 99),
(843, 94, '德庆县', 3, 99),
(844, 95, '石岐街道', 3, 99),
(845, 95, '东区街道', 3, 99),
(846, 95, '西区街道', 3, 99),
(847, 95, '环城街道', 3, 99),
(848, 95, '中山港街道', 3, 99),
(849, 95, '五桂山街道', 3, 99),
(850, 96, '香洲区', 3, 99),
(851, 96, '斗门区', 3, 99),
(852, 96, '金湾区', 3, 99),
(853, 97, '邕宁区', 3, 99),
(854, 97, '青秀区', 3, 99),
(855, 97, '兴宁区', 3, 99),
(856, 97, '良庆区', 3, 99),
(857, 97, '西乡塘区', 3, 99),
(858, 97, '江南区', 3, 99),
(859, 97, '武鸣县', 3, 99),
(860, 97, '隆安县', 3, 99),
(861, 97, '马山县', 3, 99),
(862, 97, '上林县', 3, 99),
(863, 97, '宾阳县', 3, 99),
(864, 97, '横县', 3, 99),
(865, 98, '秀峰区', 3, 99),
(866, 98, '叠彩区', 3, 99),
(867, 98, '象山区', 3, 99),
(868, 98, '七星区', 3, 99),
(869, 98, '雁山区', 3, 99),
(870, 98, '阳朔县', 3, 99),
(871, 98, '临桂县', 3, 99),
(872, 98, '灵川县', 3, 99),
(873, 98, '全州县', 3, 99),
(874, 98, '平乐县', 3, 99),
(875, 98, '兴安县', 3, 99),
(876, 98, '灌阳县', 3, 99),
(877, 98, '荔浦县', 3, 99),
(878, 98, '资源县', 3, 99),
(879, 98, '永福县', 3, 99),
(880, 98, '龙胜', 3, 99),
(881, 98, '恭城', 3, 99),
(882, 99, '右江区', 3, 99),
(883, 99, '凌云县', 3, 99),
(884, 99, '平果县', 3, 99),
(885, 99, '西林县', 3, 99),
(886, 99, '乐业县', 3, 99),
(887, 99, '德保县', 3, 99),
(888, 99, '田林县', 3, 99),
(889, 99, '田阳县', 3, 99),
(890, 99, '靖西县', 3, 99),
(891, 99, '田东县', 3, 99),
(892, 99, '那坡县', 3, 99),
(893, 99, '隆林', 3, 99),
(894, 100, '海城区', 3, 99),
(895, 100, '银海区', 3, 99),
(896, 100, '铁山港区', 3, 99),
(897, 100, '合浦县', 3, 99),
(898, 101, '江州区', 3, 99),
(899, 101, '凭祥市', 3, 99),
(900, 101, '宁明县', 3, 99),
(901, 101, '扶绥县', 3, 99),
(902, 101, '龙州县', 3, 99),
(903, 101, '大新县', 3, 99),
(904, 101, '天等县', 3, 99),
(905, 102, '港口区', 3, 99),
(906, 102, '防城区', 3, 99),
(907, 102, '东兴市', 3, 99),
(908, 102, '上思县', 3, 99),
(909, 103, '港北区', 3, 99),
(910, 103, '港南区', 3, 99),
(911, 103, '覃塘区', 3, 99),
(912, 103, '桂平市', 3, 99),
(913, 103, '平南县', 3, 99),
(914, 104, '金城江区', 3, 99),
(915, 104, '宜州市', 3, 99),
(916, 104, '天峨县', 3, 99),
(917, 104, '凤山县', 3, 99),
(918, 104, '南丹县', 3, 99),
(919, 104, '东兰县', 3, 99),
(920, 104, '都安', 3, 99),
(921, 104, '罗城', 3, 99),
(922, 104, '巴马', 3, 99),
(923, 104, '环江', 3, 99),
(924, 104, '大化', 3, 99),
(925, 105, '八步区', 3, 99),
(926, 105, '钟山县', 3, 99),
(927, 105, '昭平县', 3, 99),
(928, 105, '富川', 3, 99),
(929, 106, '兴宾区', 3, 99),
(930, 106, '合山市', 3, 99),
(931, 106, '象州县', 3, 99),
(932, 106, '武宣县', 3, 99),
(933, 106, '忻城县', 3, 99),
(934, 106, '金秀', 3, 99),
(935, 107, '城中区', 3, 99),
(936, 107, '鱼峰区', 3, 99),
(937, 107, '柳北区', 3, 99),
(938, 107, '柳南区', 3, 99),
(939, 107, '柳江县', 3, 99),
(940, 107, '柳城县', 3, 99),
(941, 107, '鹿寨县', 3, 99),
(942, 107, '融安县', 3, 99),
(943, 107, '融水', 3, 99),
(944, 107, '三江', 3, 99),
(945, 108, '钦南区', 3, 99),
(946, 108, '钦北区', 3, 99),
(947, 108, '灵山县', 3, 99),
(948, 108, '浦北县', 3, 99),
(949, 109, '万秀区', 3, 99),
(950, 109, '蝶山区', 3, 99),
(951, 109, '长洲区', 3, 99),
(952, 109, '岑溪市', 3, 99),
(953, 109, '苍梧县', 3, 99),
(954, 109, '藤县', 3, 99),
(955, 109, '蒙山县', 3, 99),
(956, 110, '玉州区', 3, 99),
(957, 110, '北流市', 3, 99),
(958, 110, '容县', 3, 99),
(959, 110, '陆川县', 3, 99),
(960, 110, '博白县', 3, 99),
(961, 110, '兴业县', 3, 99),
(962, 111, '南明区', 3, 99),
(963, 111, '云岩区', 3, 99),
(964, 111, '花溪区', 3, 99),
(965, 111, '乌当区', 3, 99),
(966, 111, '白云区', 3, 99),
(967, 111, '小河区', 3, 99),
(968, 111, '金阳新区', 3, 99),
(969, 111, '新天园区', 3, 99),
(970, 111, '清镇市', 3, 99),
(971, 111, '开阳县', 3, 99),
(972, 111, '修文县', 3, 99),
(973, 111, '息烽县', 3, 99),
(974, 112, '西秀区', 3, 99),
(975, 112, '关岭', 3, 99),
(976, 112, '镇宁', 3, 99),
(977, 112, '紫云', 3, 99),
(978, 112, '平坝县', 3, 99),
(979, 112, '普定县', 3, 99),
(980, 113, '毕节市', 3, 99),
(981, 113, '大方县', 3, 99),
(982, 113, '黔西县', 3, 99),
(983, 113, '金沙县', 3, 99),
(984, 113, '织金县', 3, 99),
(985, 113, '纳雍县', 3, 99),
(986, 113, '赫章县', 3, 99),
(987, 113, '威宁', 3, 99),
(988, 114, '钟山区', 3, 99),
(989, 114, '六枝特区', 3, 99),
(990, 114, '水城县', 3, 99),
(991, 114, '盘县', 3, 99),
(992, 115, '凯里市', 3, 99),
(993, 115, '黄平县', 3, 99),
(994, 115, '施秉县', 3, 99),
(995, 115, '三穗县', 3, 99),
(996, 115, '镇远县', 3, 99),
(997, 115, '岑巩县', 3, 99),
(998, 115, '天柱县', 3, 99),
(999, 115, '锦屏县', 3, 99),
(1000, 115, '剑河县', 3, 99),
(1001, 115, '台江县', 3, 99),
(1002, 115, '黎平县', 3, 99),
(1003, 115, '榕江县', 3, 99),
(1004, 115, '从江县', 3, 99),
(1005, 115, '雷山县', 3, 99),
(1006, 115, '麻江县', 3, 99),
(1007, 115, '丹寨县', 3, 99),
(1008, 116, '都匀市', 3, 99),
(1009, 116, '福泉市', 3, 99),
(1010, 116, '荔波县', 3, 99),
(1011, 116, '贵定县', 3, 99),
(1012, 116, '瓮安县', 3, 99),
(1013, 116, '独山县', 3, 99),
(1014, 116, '平塘县', 3, 99),
(1015, 116, '罗甸县', 3, 99),
(1016, 116, '长顺县', 3, 99),
(1017, 116, '龙里县', 3, 99),
(1018, 116, '惠水县', 3, 99),
(1019, 116, '三都', 3, 99),
(1020, 117, '兴义市', 3, 99),
(1021, 117, '兴仁县', 3, 99),
(1022, 117, '普安县', 3, 99),
(1023, 117, '晴隆县', 3, 99),
(1024, 117, '贞丰县', 3, 99),
(1025, 117, '望谟县', 3, 99),
(1026, 117, '册亨县', 3, 99),
(1027, 117, '安龙县', 3, 99),
(1028, 118, '铜仁市', 3, 99),
(1029, 118, '江口县', 3, 99),
(1030, 118, '石阡县', 3, 99),
(1031, 118, '思南县', 3, 99),
(1032, 118, '德江县', 3, 99),
(1033, 118, '玉屏', 3, 99),
(1034, 118, '印江', 3, 99),
(1035, 118, '沿河', 3, 99),
(1036, 118, '松桃', 3, 99),
(1037, 118, '万山特区', 3, 99),
(1038, 119, '红花岗区', 3, 99),
(1039, 119, '务川县', 3, 99),
(1040, 119, '道真县', 3, 99),
(1041, 119, '汇川区', 3, 99),
(1042, 119, '赤水市', 3, 99),
(1043, 119, '仁怀市', 3, 99),
(1044, 119, '遵义县', 3, 99),
(1045, 119, '桐梓县', 3, 99),
(1046, 119, '绥阳县', 3, 99),
(1047, 119, '正安县', 3, 99),
(1048, 119, '凤冈县', 3, 99),
(1049, 119, '湄潭县', 3, 99),
(1050, 119, '余庆县', 3, 99),
(1051, 119, '习水县', 3, 99),
(1052, 119, '道真', 3, 99),
(1053, 119, '务川', 3, 99),
(1054, 120, '秀英区', 3, 99),
(1055, 120, '龙华区', 3, 99),
(1056, 120, '琼山区', 3, 99),
(1057, 120, '美兰区', 3, 99),
(1058, 137, '市区', 3, 99),
(1059, 137, '洋浦开发区', 3, 99),
(1060, 137, '那大镇', 3, 99),
(1061, 137, '王五镇', 3, 99),
(1062, 137, '雅星镇', 3, 99),
(1063, 137, '大成镇', 3, 99),
(1064, 137, '中和镇', 3, 99),
(1065, 137, '峨蔓镇', 3, 99),
(1066, 137, '南丰镇', 3, 99),
(1067, 137, '白马井镇', 3, 99),
(1068, 137, '兰洋镇', 3, 99),
(1069, 137, '和庆镇', 3, 99),
(1070, 137, '海头镇', 3, 99),
(1071, 137, '排浦镇', 3, 99),
(1072, 137, '东成镇', 3, 99),
(1073, 137, '光村镇', 3, 99),
(1074, 137, '木棠镇', 3, 99),
(1075, 137, '新州镇', 3, 99),
(1076, 137, '三都镇', 3, 99),
(1077, 137, '其他', 3, 99),
(1078, 138, '长安区', 3, 99),
(1079, 138, '桥东区', 3, 99),
(1080, 138, '桥西区', 3, 99),
(1081, 138, '新华区', 3, 99),
(1082, 138, '裕华区', 3, 99),
(1083, 138, '井陉矿区', 3, 99),
(1084, 138, '高新区', 3, 99),
(1085, 138, '辛集市', 3, 99),
(1086, 138, '藁城市', 3, 99),
(1087, 138, '晋州市', 3, 99),
(1088, 138, '新乐市', 3, 99),
(1089, 138, '鹿泉市', 3, 99),
(1090, 138, '井陉县', 3, 99),
(1091, 138, '正定县', 3, 99),
(1092, 138, '栾城县', 3, 99),
(1093, 138, '行唐县', 3, 99),
(1094, 138, '灵寿县', 3, 99),
(1095, 138, '高邑县', 3, 99),
(1096, 138, '深泽县', 3, 99),
(1097, 138, '赞皇县', 3, 99),
(1098, 138, '无极县', 3, 99),
(1099, 138, '平山县', 3, 99),
(1100, 138, '元氏县', 3, 99),
(1101, 138, '赵县', 3, 99),
(1102, 139, '新市区', 3, 99),
(1103, 139, '南市区', 3, 99),
(1104, 139, '北市区', 3, 99),
(1105, 139, '涿州市', 3, 99),
(1106, 139, '定州市', 3, 99),
(1107, 139, '安国市', 3, 99),
(1108, 139, '高碑店市', 3, 99),
(1109, 139, '满城县', 3, 99),
(1110, 139, '清苑县', 3, 99),
(1111, 139, '涞水县', 3, 99),
(1112, 139, '阜平县', 3, 99),
(1113, 139, '徐水县', 3, 99),
(1114, 139, '定兴县', 3, 99),
(1115, 139, '唐县', 3, 99),
(1116, 139, '高阳县', 3, 99),
(1117, 139, '容城县', 3, 99),
(1118, 139, '涞源县', 3, 99),
(1119, 139, '望都县', 3, 99),
(1120, 139, '安新县', 3, 99),
(1121, 139, '易县', 3, 99),
(1122, 139, '曲阳县', 3, 99),
(1123, 139, '蠡县', 3, 99),
(1124, 139, '顺平县', 3, 99),
(1125, 139, '博野县', 3, 99),
(1126, 139, '雄县', 3, 99),
(1127, 140, '运河区', 3, 99),
(1128, 140, '新华区', 3, 99),
(1129, 140, '泊头市', 3, 99),
(1130, 140, '任丘市', 3, 99),
(1131, 140, '黄骅市', 3, 99),
(1132, 140, '河间市', 3, 99),
(1133, 140, '沧县', 3, 99),
(1134, 140, '青县', 3, 99),
(1135, 140, '东光县', 3, 99),
(1136, 140, '海兴县', 3, 99),
(1137, 140, '盐山县', 3, 99),
(1138, 140, '肃宁县', 3, 99),
(1139, 140, '南皮县', 3, 99),
(1140, 140, '吴桥县', 3, 99),
(1141, 140, '献县', 3, 99),
(1142, 140, '孟村', 3, 99),
(1143, 141, '双桥区', 3, 99),
(1144, 141, '双滦区', 3, 99),
(1145, 141, '鹰手营子矿区', 3, 99),
(1146, 141, '承德县', 3, 99),
(1147, 141, '兴隆县', 3, 99),
(1148, 141, '平泉县', 3, 99),
(1149, 141, '滦平县', 3, 99),
(1150, 141, '隆化县', 3, 99),
(1151, 141, '丰宁', 3, 99),
(1152, 141, '宽城', 3, 99),
(1153, 141, '围场', 3, 99),
(1154, 142, '从台区', 3, 99),
(1155, 142, '复兴区', 3, 99),
(1156, 142, '邯山区', 3, 99),
(1157, 142, '峰峰矿区', 3, 99),
(1158, 142, '武安市', 3, 99),
(1159, 142, '邯郸县', 3, 99),
(1160, 142, '临漳县', 3, 99),
(1161, 142, '成安县', 3, 99),
(1162, 142, '大名县', 3, 99),
(1163, 142, '涉县', 3, 99),
(1164, 142, '磁县', 3, 99),
(1165, 142, '肥乡县', 3, 99),
(1166, 142, '永年县', 3, 99),
(1167, 142, '邱县', 3, 99),
(1168, 142, '鸡泽县', 3, 99),
(1169, 142, '广平县', 3, 99),
(1170, 142, '馆陶县', 3, 99),
(1171, 142, '魏县', 3, 99),
(1172, 142, '曲周县', 3, 99),
(1173, 143, '桃城区', 3, 99),
(1174, 143, '冀州市', 3, 99),
(1175, 143, '深州市', 3, 99),
(1176, 143, '枣强县', 3, 99),
(1177, 143, '武邑县', 3, 99),
(1178, 143, '武强县', 3, 99),
(1179, 143, '饶阳县', 3, 99),
(1180, 143, '安平县', 3, 99),
(1181, 143, '故城县', 3, 99),
(1182, 143, '景县', 3, 99),
(1183, 143, '阜城县', 3, 99),
(1184, 144, '安次区', 3, 99),
(1185, 144, '广阳区', 3, 99),
(1186, 144, '霸州市', 3, 99),
(1187, 144, '三河市', 3, 99),
(1188, 144, '固安县', 3, 99),
(1189, 144, '永清县', 3, 99),
(1190, 144, '香河县', 3, 99),
(1191, 144, '大城县', 3, 99),
(1192, 144, '文安县', 3, 99),
(1193, 144, '大厂', 3, 99),
(1194, 145, '海港区', 3, 99),
(1195, 145, '山海关区', 3, 99),
(1196, 145, '北戴河区', 3, 99),
(1197, 145, '昌黎县', 3, 99),
(1198, 145, '抚宁县', 3, 99),
(1199, 145, '卢龙县', 3, 99),
(1200, 145, '青龙', 3, 99),
(1201, 146, '路北区', 3, 99),
(1202, 146, '路南区', 3, 99),
(1203, 146, '古冶区', 3, 99),
(1204, 146, '开平区', 3, 99),
(1205, 146, '丰南区', 3, 99),
(1206, 146, '丰润区', 3, 99),
(1207, 146, '遵化市', 3, 99),
(1208, 146, '迁安市', 3, 99),
(1209, 146, '滦县', 3, 99),
(1210, 146, '滦南县', 3, 99),
(1211, 146, '乐亭县', 3, 99),
(1212, 146, '迁西县', 3, 99),
(1213, 146, '玉田县', 3, 99),
(1214, 146, '唐海县', 3, 99),
(1215, 147, '桥东区', 3, 99),
(1216, 147, '桥西区', 3, 99),
(1217, 147, '南宫市', 3, 99),
(1218, 147, '沙河市', 3, 99),
(1219, 147, '邢台县', 3, 99),
(1220, 147, '临城县', 3, 99),
(1221, 147, '内丘县', 3, 99),
(1222, 147, '柏乡县', 3, 99),
(1223, 147, '隆尧县', 3, 99),
(1224, 147, '任县', 3, 99),
(1225, 147, '南和县', 3, 99),
(1226, 147, '宁晋县', 3, 99),
(1227, 147, '巨鹿县', 3, 99),
(1228, 147, '新河县', 3, 99),
(1229, 147, '广宗县', 3, 99),
(1230, 147, '平乡县', 3, 99),
(1231, 147, '威县', 3, 99),
(1232, 147, '清河县', 3, 99),
(1233, 147, '临西县', 3, 99),
(1234, 148, '桥西区', 3, 99),
(1235, 148, '桥东区', 3, 99),
(1236, 148, '宣化区', 3, 99),
(1237, 148, '下花园区', 3, 99),
(1238, 148, '宣化县', 3, 99),
(1239, 148, '张北县', 3, 99),
(1240, 148, '康保县', 3, 99),
(1241, 148, '沽源县', 3, 99),
(1242, 148, '尚义县', 3, 99),
(1243, 148, '蔚县', 3, 99),
(1244, 148, '阳原县', 3, 99),
(1245, 148, '怀安县', 3, 99),
(1246, 148, '万全县', 3, 99),
(1247, 148, '怀来县', 3, 99),
(1248, 148, '涿鹿县', 3, 99),
(1249, 148, '赤城县', 3, 99),
(1250, 148, '崇礼县', 3, 99),
(1251, 149, '金水区', 3, 99),
(1252, 149, '邙山区', 3, 99),
(1253, 149, '二七区', 3, 99),
(1254, 149, '管城区', 3, 99),
(1255, 149, '中原区', 3, 99),
(1256, 149, '上街区', 3, 99),
(1257, 149, '惠济区', 3, 99),
(1258, 149, '郑东新区', 3, 99),
(1259, 149, '经济技术开发区', 3, 99),
(1260, 149, '高新开发区', 3, 99),
(1261, 149, '出口加工区', 3, 99),
(1262, 149, '巩义市', 3, 99),
(1263, 149, '荥阳市', 3, 99),
(1264, 149, '新密市', 3, 99),
(1265, 149, '新郑市', 3, 99),
(1266, 149, '登封市', 3, 99),
(1267, 149, '中牟县', 3, 99),
(1268, 150, '西工区', 3, 99),
(1269, 150, '老城区', 3, 99),
(1270, 150, '涧西区', 3, 99),
(1271, 150, '瀍河回族区', 3, 99),
(1272, 150, '洛龙区', 3, 99),
(1273, 150, '吉利区', 3, 99),
(1274, 150, '偃师市', 3, 99),
(1275, 150, '孟津县', 3, 99),
(1276, 150, '新安县', 3, 99),
(1277, 150, '栾川县', 3, 99),
(1278, 150, '嵩县', 3, 99),
(1279, 150, '汝阳县', 3, 99),
(1280, 150, '宜阳县', 3, 99),
(1281, 150, '洛宁县', 3, 99),
(1282, 150, '伊川县', 3, 99),
(1283, 151, '鼓楼区', 3, 99),
(1284, 151, '龙亭区', 3, 99),
(1285, 151, '顺河回族区', 3, 99),
(1286, 151, '金明区', 3, 99),
(1287, 151, '禹王台区', 3, 99),
(1288, 151, '杞县', 3, 99),
(1289, 151, '通许县', 3, 99),
(1290, 151, '尉氏县', 3, 99),
(1291, 151, '开封县', 3, 99),
(1292, 151, '兰考县', 3, 99),
(1293, 152, '北关区', 3, 99),
(1294, 152, '文峰区', 3, 99),
(1295, 152, '殷都区', 3, 99),
(1296, 152, '龙安区', 3, 99),
(1297, 152, '林州市', 3, 99),
(1298, 152, '安阳县', 3, 99),
(1299, 152, '汤阴县', 3, 99),
(1300, 152, '滑县', 3, 99),
(1301, 152, '内黄县', 3, 99),
(1302, 153, '淇滨区', 3, 99),
(1303, 153, '山城区', 3, 99),
(1304, 153, '鹤山区', 3, 99),
(1305, 153, '浚县', 3, 99),
(1306, 153, '淇县', 3, 99),
(1307, 154, '济源市', 3, 99),
(1308, 155, '解放区', 3, 99),
(1309, 155, '中站区', 3, 99),
(1310, 155, '马村区', 3, 99),
(1311, 155, '山阳区', 3, 99),
(1312, 155, '沁阳市', 3, 99),
(1313, 155, '孟州市', 3, 99),
(1314, 155, '修武县', 3, 99),
(1315, 155, '博爱县', 3, 99),
(1316, 155, '武陟县', 3, 99),
(1317, 155, '温县', 3, 99),
(1318, 156, '卧龙区', 3, 99),
(1319, 156, '宛城区', 3, 99),
(1320, 156, '邓州市', 3, 99),
(1321, 156, '南召县', 3, 99),
(1322, 156, '方城县', 3, 99),
(1323, 156, '西峡县', 3, 99),
(1324, 156, '镇平县', 3, 99),
(1325, 156, '内乡县', 3, 99),
(1326, 156, '淅川县', 3, 99),
(1327, 156, '社旗县', 3, 99),
(1328, 156, '唐河县', 3, 99),
(1329, 156, '新野县', 3, 99),
(1330, 156, '桐柏县', 3, 99),
(1331, 157, '新华区', 3, 99),
(1332, 157, '卫东区', 3, 99),
(1333, 157, '湛河区', 3, 99),
(1334, 157, '石龙区', 3, 99),
(1335, 157, '舞钢市', 3, 99),
(1336, 157, '汝州市', 3, 99),
(1337, 157, '宝丰县', 3, 99),
(1338, 157, '叶县', 3, 99),
(1339, 157, '鲁山县', 3, 99),
(1340, 157, '郏县', 3, 99),
(1341, 158, '湖滨区', 3, 99),
(1342, 158, '义马市', 3, 99),
(1343, 158, '灵宝市', 3, 99),
(1344, 158, '渑池县', 3, 99),
(1345, 158, '陕县', 3, 99),
(1346, 158, '卢氏县', 3, 99),
(1347, 159, '梁园区', 3, 99),
(1348, 159, '睢阳区', 3, 99),
(1349, 159, '永城市', 3, 99),
(1350, 159, '民权县', 3, 99),
(1351, 159, '睢县', 3, 99),
(1352, 159, '宁陵县', 3, 99),
(1353, 159, '虞城县', 3, 99),
(1354, 159, '柘城县', 3, 99),
(1355, 159, '夏邑县', 3, 99),
(1356, 160, '卫滨区', 3, 99),
(1357, 160, '红旗区', 3, 99),
(1358, 160, '凤泉区', 3, 99),
(1359, 160, '牧野区', 3, 99),
(1360, 160, '卫辉市', 3, 99),
(1361, 160, '辉县市', 3, 99),
(1362, 160, '新乡县', 3, 99),
(1363, 160, '获嘉县', 3, 99),
(1364, 160, '原阳县', 3, 99),
(1365, 160, '延津县', 3, 99),
(1366, 160, '封丘县', 3, 99),
(1367, 160, '长垣县', 3, 99),
(1368, 161, '浉河区', 3, 99),
(1369, 161, '平桥区', 3, 99),
(1370, 161, '罗山县', 3, 99),
(1371, 161, '光山县', 3, 99),
(1372, 161, '新县', 3, 99),
(1373, 161, '商城县', 3, 99),
(1374, 161, '固始县', 3, 99),
(1375, 161, '潢川县', 3, 99),
(1376, 161, '淮滨县', 3, 99),
(1377, 161, '息县', 3, 99),
(1378, 162, '魏都区', 3, 99),
(1379, 162, '禹州市', 3, 99),
(1380, 162, '长葛市', 3, 99),
(1381, 162, '许昌县', 3, 99),
(1382, 162, '鄢陵县', 3, 99),
(1383, 162, '襄城县', 3, 99),
(1384, 163, '川汇区', 3, 99),
(1385, 163, '项城市', 3, 99),
(1386, 163, '扶沟县', 3, 99),
(1387, 163, '西华县', 3, 99),
(1388, 163, '商水县', 3, 99),
(1389, 163, '沈丘县', 3, 99),
(1390, 163, '郸城县', 3, 99),
(1391, 163, '淮阳县', 3, 99),
(1392, 163, '太康县', 3, 99),
(1393, 163, '鹿邑县', 3, 99),
(1394, 164, '驿城区', 3, 99),
(1395, 164, '西平县', 3, 99),
(1396, 164, '上蔡县', 3, 99),
(1397, 164, '平舆县', 3, 99),
(1398, 164, '正阳县', 3, 99),
(1399, 164, '确山县', 3, 99),
(1400, 164, '泌阳县', 3, 99),
(1401, 164, '汝南县', 3, 99),
(1402, 164, '遂平县', 3, 99),
(1403, 164, '新蔡县', 3, 99),
(1404, 165, '郾城区', 3, 99),
(1405, 165, '源汇区', 3, 99),
(1406, 165, '召陵区', 3, 99),
(1407, 165, '舞阳县', 3, 99),
(1408, 165, '临颍县', 3, 99),
(1409, 166, '华龙区', 3, 99),
(1410, 166, '清丰县', 3, 99),
(1411, 166, '南乐县', 3, 99),
(1412, 166, '范县', 3, 99),
(1413, 166, '台前县', 3, 99),
(1414, 166, '濮阳县', 3, 99),
(1415, 167, '道里区', 3, 99),
(1416, 167, '南岗区', 3, 99),
(1417, 167, '动力区', 3, 99),
(1418, 167, '平房区', 3, 99),
(1419, 167, '香坊区', 3, 99),
(1420, 167, '太平区', 3, 99),
(1421, 167, '道外区', 3, 99),
(1422, 167, '阿城区', 3, 99),
(1423, 167, '呼兰区', 3, 99),
(1424, 167, '松北区', 3, 99),
(1425, 167, '尚志市', 3, 99),
(1426, 167, '双城市', 3, 99),
(1427, 167, '五常市', 3, 99),
(1428, 167, '方正县', 3, 99),
(1429, 167, '宾县', 3, 99),
(1430, 167, '依兰县', 3, 99),
(1431, 167, '巴彦县', 3, 99),
(1432, 167, '通河县', 3, 99),
(1433, 167, '木兰县', 3, 99),
(1434, 167, '延寿县', 3, 99),
(1435, 168, '萨尔图区', 3, 99),
(1436, 168, '红岗区', 3, 99),
(1437, 168, '龙凤区', 3, 99),
(1438, 168, '让胡路区', 3, 99),
(1439, 168, '大同区', 3, 99),
(1440, 168, '肇州县', 3, 99),
(1441, 168, '肇源县', 3, 99),
(1442, 168, '林甸县', 3, 99),
(1443, 168, '杜尔伯特', 3, 99),
(1444, 169, '呼玛县', 3, 99),
(1445, 169, '漠河县', 3, 99),
(1446, 169, '塔河县', 3, 99),
(1447, 170, '兴山区', 3, 99),
(1448, 170, '工农区', 3, 99),
(1449, 170, '南山区', 3, 99),
(1450, 170, '兴安区', 3, 99),
(1451, 170, '向阳区', 3, 99),
(1452, 170, '东山区', 3, 99),
(1453, 170, '萝北县', 3, 99),
(1454, 170, '绥滨县', 3, 99),
(1455, 171, '爱辉区', 3, 99),
(1456, 171, '五大连池市', 3, 99),
(1457, 171, '北安市', 3, 99),
(1458, 171, '嫩江县', 3, 99),
(1459, 171, '逊克县', 3, 99),
(1460, 171, '孙吴县', 3, 99),
(1461, 172, '鸡冠区', 3, 99),
(1462, 172, '恒山区', 3, 99),
(1463, 172, '城子河区', 3, 99),
(1464, 172, '滴道区', 3, 99),
(1465, 172, '梨树区', 3, 99),
(1466, 172, '虎林市', 3, 99),
(1467, 172, '密山市', 3, 99),
(1468, 172, '鸡东县', 3, 99),
(1469, 173, '前进区', 3, 99),
(1470, 173, '郊区', 3, 99),
(1471, 173, '向阳区', 3, 99),
(1472, 173, '东风区', 3, 99),
(1473, 173, '同江市', 3, 99),
(1474, 173, '富锦市', 3, 99),
(1475, 173, '桦南县', 3, 99),
(1476, 173, '桦川县', 3, 99),
(1477, 173, '汤原县', 3, 99),
(1478, 173, '抚远县', 3, 99),
(1479, 174, '爱民区', 3, 99),
(1480, 174, '东安区', 3, 99),
(1481, 174, '阳明区', 3, 99),
(1482, 174, '西安区', 3, 99),
(1483, 174, '绥芬河市', 3, 99),
(1484, 174, '海林市', 3, 99),
(1485, 174, '宁安市', 3, 99),
(1486, 174, '穆棱市', 3, 99),
(1487, 174, '东宁县', 3, 99),
(1488, 174, '林口县', 3, 99),
(1489, 175, '桃山区', 3, 99),
(1490, 175, '新兴区', 3, 99),
(1491, 175, '茄子河区', 3, 99),
(1492, 175, '勃利县', 3, 99),
(1493, 176, '龙沙区', 3, 99),
(1494, 176, '昂昂溪区', 3, 99),
(1495, 176, '铁峰区', 3, 99),
(1496, 176, '建华区', 3, 99),
(1497, 176, '富拉尔基区', 3, 99),
(1498, 176, '碾子山区', 3, 99),
(1499, 176, '梅里斯达斡尔区', 3, 99),
(1500, 176, '讷河市', 3, 99),
(1501, 176, '龙江县', 3, 99),
(1502, 176, '依安县', 3, 99),
(1503, 176, '泰来县', 3, 99),
(1504, 176, '甘南县', 3, 99),
(1505, 176, '富裕县', 3, 99),
(1506, 176, '克山县', 3, 99),
(1507, 176, '克东县', 3, 99),
(1508, 176, '拜泉县', 3, 99),
(1509, 177, '尖山区', 3, 99),
(1510, 177, '岭东区', 3, 99),
(1511, 177, '四方台区', 3, 99),
(1512, 177, '宝山区', 3, 99),
(1513, 177, '集贤县', 3, 99),
(1514, 177, '友谊县', 3, 99),
(1515, 177, '宝清县', 3, 99),
(1516, 177, '饶河县', 3, 99),
(1517, 178, '北林区', 3, 99),
(1518, 178, '安达市', 3, 99),
(1519, 178, '肇东市', 3, 99),
(1520, 178, '海伦市', 3, 99),
(1521, 178, '望奎县', 3, 99),
(1522, 178, '兰西县', 3, 99),
(1523, 178, '青冈县', 3, 99),
(1524, 178, '庆安县', 3, 99),
(1525, 178, '明水县', 3, 99),
(1526, 178, '绥棱县', 3, 99),
(1527, 179, '伊春区', 3, 99),
(1528, 179, '带岭区', 3, 99),
(1529, 179, '南岔区', 3, 99),
(1530, 179, '金山屯区', 3, 99),
(1531, 179, '西林区', 3, 99),
(1532, 179, '美溪区', 3, 99),
(1533, 179, '乌马河区', 3, 99),
(1534, 179, '翠峦区', 3, 99),
(1535, 179, '友好区', 3, 99),
(1536, 179, '上甘岭区', 3, 99),
(1537, 179, '五营区', 3, 99),
(1538, 179, '红星区', 3, 99),
(1539, 179, '新青区', 3, 99),
(1540, 179, '汤旺河区', 3, 99),
(1541, 179, '乌伊岭区', 3, 99),
(1542, 179, '铁力市', 3, 99),
(1543, 179, '嘉荫县', 3, 99),
(1544, 180, '江岸区', 3, 99),
(1545, 180, '武昌区', 3, 99),
(1546, 180, '江汉区', 3, 99),
(1547, 180, '硚口区', 3, 99),
(1548, 180, '汉阳区', 3, 99),
(1549, 180, '青山区', 3, 99),
(1550, 180, '洪山区', 3, 99),
(1551, 180, '东西湖区', 3, 99),
(1552, 180, '汉南区', 3, 99),
(1553, 180, '蔡甸区', 3, 99),
(1554, 180, '江夏区', 3, 99),
(1555, 180, '黄陂区', 3, 99),
(1556, 180, '新洲区', 3, 99),
(1557, 180, '经济开发区', 3, 99),
(1558, 181, '仙桃市', 3, 99),
(1559, 182, '鄂城区', 3, 99),
(1560, 182, '华容区', 3, 99),
(1561, 182, '梁子湖区', 3, 99),
(1562, 183, '黄州区', 3, 99),
(1563, 183, '麻城市', 3, 99),
(1564, 183, '武穴市', 3, 99),
(1565, 183, '团风县', 3, 99),
(1566, 183, '红安县', 3, 99),
(1567, 183, '罗田县', 3, 99),
(1568, 183, '英山县', 3, 99),
(1569, 183, '浠水县', 3, 99),
(1570, 183, '蕲春县', 3, 99),
(1571, 183, '黄梅县', 3, 99),
(1572, 184, '黄石港区', 3, 99),
(1573, 184, '西塞山区', 3, 99),
(1574, 184, '下陆区', 3, 99),
(1575, 184, '铁山区', 3, 99),
(1576, 184, '大冶市', 3, 99),
(1577, 184, '阳新县', 3, 99),
(1578, 185, '东宝区', 3, 99),
(1579, 185, '掇刀区', 3, 99),
(1580, 185, '钟祥市', 3, 99),
(1581, 185, '京山县', 3, 99),
(1582, 185, '沙洋县', 3, 99),
(1583, 186, '沙市区', 3, 99),
(1584, 186, '荆州区', 3, 99),
(1585, 186, '石首市', 3, 99),
(1586, 186, '洪湖市', 3, 99),
(1587, 186, '松滋市', 3, 99),
(1588, 186, '公安县', 3, 99),
(1589, 186, '监利县', 3, 99),
(1590, 186, '江陵县', 3, 99),
(1591, 187, '潜江市', 3, 99),
(1592, 188, '神农架林区', 3, 99),
(1593, 189, '张湾区', 3, 99),
(1594, 189, '茅箭区', 3, 99),
(1595, 189, '丹江口市', 3, 99),
(1596, 189, '郧县', 3, 99),
(1597, 189, '郧西县', 3, 99),
(1598, 189, '竹山县', 3, 99),
(1599, 189, '竹溪县', 3, 99),
(1600, 189, '房县', 3, 99),
(1601, 190, '曾都区', 3, 99),
(1602, 190, '广水市', 3, 99),
(1603, 191, '天门市', 3, 99),
(1604, 192, '咸安区', 3, 99),
(1605, 192, '赤壁市', 3, 99),
(1606, 192, '嘉鱼县', 3, 99),
(1607, 192, '通城县', 3, 99),
(1608, 192, '崇阳县', 3, 99),
(1609, 192, '通山县', 3, 99),
(1610, 193, '襄城区', 3, 99),
(1611, 193, '樊城区', 3, 99),
(1612, 193, '襄阳区', 3, 99),
(1613, 193, '老河口市', 3, 99),
(1614, 193, '枣阳市', 3, 99),
(1615, 193, '宜城市', 3, 99),
(1616, 193, '南漳县', 3, 99),
(1617, 193, '谷城县', 3, 99),
(1618, 193, '保康县', 3, 99),
(1619, 194, '孝南区', 3, 99),
(1620, 194, '应城市', 3, 99),
(1621, 194, '安陆市', 3, 99),
(1622, 194, '汉川市', 3, 99),
(1623, 194, '孝昌县', 3, 99),
(1624, 194, '大悟县', 3, 99),
(1625, 194, '云梦县', 3, 99),
(1626, 195, '长阳', 3, 99),
(1627, 195, '五峰', 3, 99),
(1628, 195, '西陵区', 3, 99),
(1629, 195, '伍家岗区', 3, 99),
(1630, 195, '点军区', 3, 99),
(1631, 195, '猇亭区', 3, 99),
(1632, 195, '夷陵区', 3, 99),
(1633, 195, '宜都市', 3, 99),
(1634, 195, '当阳市', 3, 99),
(1635, 195, '枝江市', 3, 99),
(1636, 195, '远安县', 3, 99),
(1637, 195, '兴山县', 3, 99),
(1638, 195, '秭归县', 3, 99),
(1639, 196, '恩施市', 3, 99),
(1640, 196, '利川市', 3, 99),
(1641, 196, '建始县', 3, 99),
(1642, 196, '巴东县', 3, 99),
(1643, 196, '宣恩县', 3, 99),
(1644, 196, '咸丰县', 3, 99),
(1645, 196, '来凤县', 3, 99),
(1646, 196, '鹤峰县', 3, 99),
(1647, 197, '岳麓区', 3, 99),
(1648, 197, '芙蓉区', 3, 99),
(1649, 197, '天心区', 3, 99),
(1650, 197, '开福区', 3, 99),
(1651, 197, '雨花区', 3, 99),
(1652, 197, '开发区', 3, 99),
(1653, 197, '浏阳市', 3, 99),
(1654, 197, '长沙县', 3, 99),
(1655, 197, '望城县', 3, 99),
(1656, 197, '宁乡县', 3, 99),
(1657, 198, '永定区', 3, 99),
(1658, 198, '武陵源区', 3, 99),
(1659, 198, '慈利县', 3, 99),
(1660, 198, '桑植县', 3, 99),
(1661, 199, '武陵区', 3, 99),
(1662, 199, '鼎城区', 3, 99),
(1663, 199, '津市市', 3, 99),
(1664, 199, '安乡县', 3, 99),
(1665, 199, '汉寿县', 3, 99),
(1666, 199, '澧县', 3, 99),
(1667, 199, '临澧县', 3, 99),
(1668, 199, '桃源县', 3, 99),
(1669, 199, '石门县', 3, 99),
(1670, 200, '北湖区', 3, 99),
(1671, 200, '苏仙区', 3, 99),
(1672, 200, '资兴市', 3, 99),
(1673, 200, '桂阳县', 3, 99),
(1674, 200, '宜章县', 3, 99),
(1675, 200, '永兴县', 3, 99),
(1676, 200, '嘉禾县', 3, 99),
(1677, 200, '临武县', 3, 99),
(1678, 200, '汝城县', 3, 99),
(1679, 200, '桂东县', 3, 99),
(1680, 200, '安仁县', 3, 99),
(1681, 201, '雁峰区', 3, 99),
(1682, 201, '珠晖区', 3, 99),
(1683, 201, '石鼓区', 3, 99),
(1684, 201, '蒸湘区', 3, 99),
(1685, 201, '南岳区', 3, 99),
(1686, 201, '耒阳市', 3, 99),
(1687, 201, '常宁市', 3, 99),
(1688, 201, '衡阳县', 3, 99),
(1689, 201, '衡南县', 3, 99),
(1690, 201, '衡山县', 3, 99),
(1691, 201, '衡东县', 3, 99),
(1692, 201, '祁东县', 3, 99),
(1693, 202, '鹤城区', 3, 99),
(1694, 202, '靖州', 3, 99),
(1695, 202, '麻阳', 3, 99),
(1696, 202, '通道', 3, 99),
(1697, 202, '新晃', 3, 99),
(1698, 202, '芷江', 3, 99),
(1699, 202, '沅陵县', 3, 99),
(1700, 202, '辰溪县', 3, 99),
(1701, 202, '溆浦县', 3, 99),
(1702, 202, '中方县', 3, 99),
(1703, 202, '会同县', 3, 99),
(1704, 202, '洪江市', 3, 99),
(1705, 203, '娄星区', 3, 99),
(1706, 203, '冷水江市', 3, 99),
(1707, 203, '涟源市', 3, 99),
(1708, 203, '双峰县', 3, 99),
(1709, 203, '新化县', 3, 99),
(1710, 204, '城步', 3, 99),
(1711, 204, '双清区', 3, 99);
INSERT INTO `x_region` (`id`, `pid`, `name`, `type`, `listorder`) VALUES
(1712, 204, '大祥区', 3, 99),
(1713, 204, '北塔区', 3, 99),
(1714, 204, '武冈市', 3, 99),
(1715, 204, '邵东县', 3, 99),
(1716, 204, '新邵县', 3, 99),
(1717, 204, '邵阳县', 3, 99),
(1718, 204, '隆回县', 3, 99),
(1719, 204, '洞口县', 3, 99),
(1720, 204, '绥宁县', 3, 99),
(1721, 204, '新宁县', 3, 99),
(1722, 205, '岳塘区', 3, 99),
(1723, 205, '雨湖区', 3, 99),
(1724, 205, '湘乡市', 3, 99),
(1725, 205, '韶山市', 3, 99),
(1726, 205, '湘潭县', 3, 99),
(1727, 206, '吉首市', 3, 99),
(1728, 206, '泸溪县', 3, 99),
(1729, 206, '凤凰县', 3, 99),
(1730, 206, '花垣县', 3, 99),
(1731, 206, '保靖县', 3, 99),
(1732, 206, '古丈县', 3, 99),
(1733, 206, '永顺县', 3, 99),
(1734, 206, '龙山县', 3, 99),
(1735, 207, '赫山区', 3, 99),
(1736, 207, '资阳区', 3, 99),
(1737, 207, '沅江市', 3, 99),
(1738, 207, '南县', 3, 99),
(1739, 207, '桃江县', 3, 99),
(1740, 207, '安化县', 3, 99),
(1741, 208, '江华', 3, 99),
(1742, 208, '冷水滩区', 3, 99),
(1743, 208, '零陵区', 3, 99),
(1744, 208, '祁阳县', 3, 99),
(1745, 208, '东安县', 3, 99),
(1746, 208, '双牌县', 3, 99),
(1747, 208, '道县', 3, 99),
(1748, 208, '江永县', 3, 99),
(1749, 208, '宁远县', 3, 99),
(1750, 208, '蓝山县', 3, 99),
(1751, 208, '新田县', 3, 99),
(1752, 209, '岳阳楼区', 3, 99),
(1753, 209, '君山区', 3, 99),
(1754, 209, '云溪区', 3, 99),
(1755, 209, '汨罗市', 3, 99),
(1756, 209, '临湘市', 3, 99),
(1757, 209, '岳阳县', 3, 99),
(1758, 209, '华容县', 3, 99),
(1759, 209, '湘阴县', 3, 99),
(1760, 209, '平江县', 3, 99),
(1761, 210, '天元区', 3, 99),
(1762, 210, '荷塘区', 3, 99),
(1763, 210, '芦淞区', 3, 99),
(1764, 210, '石峰区', 3, 99),
(1765, 210, '醴陵市', 3, 99),
(1766, 210, '株洲县', 3, 99),
(1767, 210, '攸县', 3, 99),
(1768, 210, '茶陵县', 3, 99),
(1769, 210, '炎陵县', 3, 99),
(1770, 211, '朝阳区', 3, 99),
(1771, 211, '宽城区', 3, 99),
(1772, 211, '二道区', 3, 99),
(1773, 211, '南关区', 3, 99),
(1774, 211, '绿园区', 3, 99),
(1775, 211, '双阳区', 3, 99),
(1776, 211, '净月潭开发区', 3, 99),
(1777, 211, '高新技术开发区', 3, 99),
(1778, 211, '经济技术开发区', 3, 99),
(1779, 211, '汽车产业开发区', 3, 99),
(1780, 211, '德惠市', 3, 99),
(1781, 211, '九台市', 3, 99),
(1782, 211, '榆树市', 3, 99),
(1783, 211, '农安县', 3, 99),
(1784, 212, '船营区', 3, 99),
(1785, 212, '昌邑区', 3, 99),
(1786, 212, '龙潭区', 3, 99),
(1787, 212, '丰满区', 3, 99),
(1788, 212, '蛟河市', 3, 99),
(1789, 212, '桦甸市', 3, 99),
(1790, 212, '舒兰市', 3, 99),
(1791, 212, '磐石市', 3, 99),
(1792, 212, '永吉县', 3, 99),
(1793, 213, '洮北区', 3, 99),
(1794, 213, '洮南市', 3, 99),
(1795, 213, '大安市', 3, 99),
(1796, 213, '镇赉县', 3, 99),
(1797, 213, '通榆县', 3, 99),
(1798, 214, '江源区', 3, 99),
(1799, 214, '八道江区', 3, 99),
(1800, 214, '长白', 3, 99),
(1801, 214, '临江市', 3, 99),
(1802, 214, '抚松县', 3, 99),
(1803, 214, '靖宇县', 3, 99),
(1804, 215, '龙山区', 3, 99),
(1805, 215, '西安区', 3, 99),
(1806, 215, '东丰县', 3, 99),
(1807, 215, '东辽县', 3, 99),
(1808, 216, '铁西区', 3, 99),
(1809, 216, '铁东区', 3, 99),
(1810, 216, '伊通', 3, 99),
(1811, 216, '公主岭市', 3, 99),
(1812, 216, '双辽市', 3, 99),
(1813, 216, '梨树县', 3, 99),
(1814, 217, '前郭尔罗斯', 3, 99),
(1815, 217, '宁江区', 3, 99),
(1816, 217, '长岭县', 3, 99),
(1817, 217, '乾安县', 3, 99),
(1818, 217, '扶余县', 3, 99),
(1819, 218, '东昌区', 3, 99),
(1820, 218, '二道江区', 3, 99),
(1821, 218, '梅河口市', 3, 99),
(1822, 218, '集安市', 3, 99),
(1823, 218, '通化县', 3, 99),
(1824, 218, '辉南县', 3, 99),
(1825, 218, '柳河县', 3, 99),
(1826, 219, '延吉市', 3, 99),
(1827, 219, '图们市', 3, 99),
(1828, 219, '敦化市', 3, 99),
(1829, 219, '珲春市', 3, 99),
(1830, 219, '龙井市', 3, 99),
(1831, 219, '和龙市', 3, 99),
(1832, 219, '安图县', 3, 99),
(1833, 219, '汪清县', 3, 99),
(1834, 220, '玄武区', 3, 99),
(1835, 220, '鼓楼区', 3, 99),
(1836, 220, '白下区', 3, 99),
(1837, 220, '建邺区', 3, 99),
(1838, 220, '秦淮区', 3, 99),
(1839, 220, '雨花台区', 3, 99),
(1840, 220, '下关区', 3, 99),
(1841, 220, '栖霞区', 3, 99),
(1842, 220, '浦口区', 3, 99),
(1843, 220, '江宁区', 3, 99),
(1844, 220, '六合区', 3, 99),
(1845, 220, '溧水县', 3, 99),
(1846, 220, '高淳县', 3, 99),
(1847, 221, '沧浪区', 3, 99),
(1848, 221, '金阊区', 3, 99),
(1849, 221, '平江区', 3, 99),
(1850, 221, '虎丘区', 3, 99),
(1851, 221, '吴中区', 3, 99),
(1852, 221, '相城区', 3, 99),
(1853, 221, '园区', 3, 99),
(1854, 221, '新区', 3, 99),
(1855, 221, '常熟市', 3, 99),
(1856, 221, '张家港市', 3, 99),
(1857, 221, '玉山镇', 3, 99),
(1858, 221, '巴城镇', 3, 99),
(1859, 221, '周市镇', 3, 99),
(1860, 221, '陆家镇', 3, 99),
(1861, 221, '花桥镇', 3, 99),
(1862, 221, '淀山湖镇', 3, 99),
(1863, 221, '张浦镇', 3, 99),
(1864, 221, '周庄镇', 3, 99),
(1865, 221, '千灯镇', 3, 99),
(1866, 221, '锦溪镇', 3, 99),
(1867, 221, '开发区', 3, 99),
(1868, 221, '吴江市', 3, 99),
(1869, 221, '太仓市', 3, 99),
(1870, 222, '崇安区', 3, 99),
(1871, 222, '北塘区', 3, 99),
(1872, 222, '南长区', 3, 99),
(1873, 222, '锡山区', 3, 99),
(1874, 222, '惠山区', 3, 99),
(1875, 222, '滨湖区', 3, 99),
(1876, 222, '新区', 3, 99),
(1877, 222, '江阴市', 3, 99),
(1878, 222, '宜兴市', 3, 99),
(1879, 223, '天宁区', 3, 99),
(1880, 223, '钟楼区', 3, 99),
(1881, 223, '戚墅堰区', 3, 99),
(1882, 223, '郊区', 3, 99),
(1883, 223, '新北区', 3, 99),
(1884, 223, '武进区', 3, 99),
(1885, 223, '溧阳市', 3, 99),
(1886, 223, '金坛市', 3, 99),
(1887, 224, '清河区', 3, 99),
(1888, 224, '清浦区', 3, 99),
(1889, 224, '楚州区', 3, 99),
(1890, 224, '淮阴区', 3, 99),
(1891, 224, '涟水县', 3, 99),
(1892, 224, '洪泽县', 3, 99),
(1893, 224, '盱眙县', 3, 99),
(1894, 224, '金湖县', 3, 99),
(1895, 225, '新浦区', 3, 99),
(1896, 225, '连云区', 3, 99),
(1897, 225, '海州区', 3, 99),
(1898, 225, '赣榆县', 3, 99),
(1899, 225, '东海县', 3, 99),
(1900, 225, '灌云县', 3, 99),
(1901, 225, '灌南县', 3, 99),
(1902, 226, '崇川区', 3, 99),
(1903, 226, '港闸区', 3, 99),
(1904, 226, '经济开发区', 3, 99),
(1905, 226, '启东市', 3, 99),
(1906, 226, '如皋市', 3, 99),
(1907, 226, '通州市', 3, 99),
(1908, 226, '海门市', 3, 99),
(1909, 226, '海安县', 3, 99),
(1910, 226, '如东县', 3, 99),
(1911, 227, '宿城区', 3, 99),
(1912, 227, '宿豫区', 3, 99),
(1913, 227, '宿豫县', 3, 99),
(1914, 227, '沭阳县', 3, 99),
(1915, 227, '泗阳县', 3, 99),
(1916, 227, '泗洪县', 3, 99),
(1917, 228, '海陵区', 3, 99),
(1918, 228, '高港区', 3, 99),
(1919, 228, '兴化市', 3, 99),
(1920, 228, '靖江市', 3, 99),
(1921, 228, '泰兴市', 3, 99),
(1922, 228, '姜堰市', 3, 99),
(1923, 229, '云龙区', 3, 99),
(1924, 229, '鼓楼区', 3, 99),
(1925, 229, '九里区', 3, 99),
(1926, 229, '贾汪区', 3, 99),
(1927, 229, '泉山区', 3, 99),
(1928, 229, '新沂市', 3, 99),
(1929, 229, '邳州市', 3, 99),
(1930, 229, '丰县', 3, 99),
(1931, 229, '沛县', 3, 99),
(1932, 229, '铜山县', 3, 99),
(1933, 229, '睢宁县', 3, 99),
(1934, 230, '城区', 3, 99),
(1935, 230, '亭湖区', 3, 99),
(1936, 230, '盐都区', 3, 99),
(1937, 230, '盐都县', 3, 99),
(1938, 230, '东台市', 3, 99),
(1939, 230, '大丰市', 3, 99),
(1940, 230, '响水县', 3, 99),
(1941, 230, '滨海县', 3, 99),
(1942, 230, '阜宁县', 3, 99),
(1943, 230, '射阳县', 3, 99),
(1944, 230, '建湖县', 3, 99),
(1945, 231, '广陵区', 3, 99),
(1946, 231, '维扬区', 3, 99),
(1947, 231, '邗江区', 3, 99),
(1948, 231, '仪征市', 3, 99),
(1949, 231, '高邮市', 3, 99),
(1950, 231, '江都市', 3, 99),
(1951, 231, '宝应县', 3, 99),
(1952, 232, '京口区', 3, 99),
(1953, 232, '润州区', 3, 99),
(1954, 232, '丹徒区', 3, 99),
(1955, 232, '丹阳市', 3, 99),
(1956, 232, '扬中市', 3, 99),
(1957, 232, '句容市', 3, 99),
(1958, 233, '东湖区', 3, 99),
(1959, 233, '西湖区', 3, 99),
(1960, 233, '青云谱区', 3, 99),
(1961, 233, '湾里区', 3, 99),
(1962, 233, '青山湖区', 3, 99),
(1963, 233, '红谷滩新区', 3, 99),
(1964, 233, '昌北区', 3, 99),
(1965, 233, '高新区', 3, 99),
(1966, 233, '南昌县', 3, 99),
(1967, 233, '新建县', 3, 99),
(1968, 233, '安义县', 3, 99),
(1969, 233, '进贤县', 3, 99),
(1970, 234, '临川区', 3, 99),
(1971, 234, '南城县', 3, 99),
(1972, 234, '黎川县', 3, 99),
(1973, 234, '南丰县', 3, 99),
(1974, 234, '崇仁县', 3, 99),
(1975, 234, '乐安县', 3, 99),
(1976, 234, '宜黄县', 3, 99),
(1977, 234, '金溪县', 3, 99),
(1978, 234, '资溪县', 3, 99),
(1979, 234, '东乡县', 3, 99),
(1980, 234, '广昌县', 3, 99),
(1981, 235, '章贡区', 3, 99),
(1982, 235, '于都县', 3, 99),
(1983, 235, '瑞金市', 3, 99),
(1984, 235, '南康市', 3, 99),
(1985, 235, '赣县', 3, 99),
(1986, 235, '信丰县', 3, 99),
(1987, 235, '大余县', 3, 99),
(1988, 235, '上犹县', 3, 99),
(1989, 235, '崇义县', 3, 99),
(1990, 235, '安远县', 3, 99),
(1991, 235, '龙南县', 3, 99),
(1992, 235, '定南县', 3, 99),
(1993, 235, '全南县', 3, 99),
(1994, 235, '宁都县', 3, 99),
(1995, 235, '兴国县', 3, 99),
(1996, 235, '会昌县', 3, 99),
(1997, 235, '寻乌县', 3, 99),
(1998, 235, '石城县', 3, 99),
(1999, 236, '安福县', 3, 99),
(2000, 236, '吉州区', 3, 99),
(2001, 236, '青原区', 3, 99),
(2002, 236, '井冈山市', 3, 99),
(2003, 236, '吉安县', 3, 99),
(2004, 236, '吉水县', 3, 99),
(2005, 236, '峡江县', 3, 99),
(2006, 236, '新干县', 3, 99),
(2007, 236, '永丰县', 3, 99),
(2008, 236, '泰和县', 3, 99),
(2009, 236, '遂川县', 3, 99),
(2010, 236, '万安县', 3, 99),
(2011, 236, '永新县', 3, 99),
(2012, 237, '珠山区', 3, 99),
(2013, 237, '昌江区', 3, 99),
(2014, 237, '乐平市', 3, 99),
(2015, 237, '浮梁县', 3, 99),
(2016, 238, '浔阳区', 3, 99),
(2017, 238, '庐山区', 3, 99),
(2018, 238, '瑞昌市', 3, 99),
(2019, 238, '九江县', 3, 99),
(2020, 238, '武宁县', 3, 99),
(2021, 238, '修水县', 3, 99),
(2022, 238, '永修县', 3, 99),
(2023, 238, '德安县', 3, 99),
(2024, 238, '星子县', 3, 99),
(2025, 238, '都昌县', 3, 99),
(2026, 238, '湖口县', 3, 99),
(2027, 238, '彭泽县', 3, 99),
(2028, 239, '安源区', 3, 99),
(2029, 239, '湘东区', 3, 99),
(2030, 239, '莲花县', 3, 99),
(2031, 239, '芦溪县', 3, 99),
(2032, 239, '上栗县', 3, 99),
(2033, 240, '信州区', 3, 99),
(2034, 240, '德兴市', 3, 99),
(2035, 240, '上饶县', 3, 99),
(2036, 240, '广丰县', 3, 99),
(2037, 240, '玉山县', 3, 99),
(2038, 240, '铅山县', 3, 99),
(2039, 240, '横峰县', 3, 99),
(2040, 240, '弋阳县', 3, 99),
(2041, 240, '余干县', 3, 99),
(2042, 240, '波阳县', 3, 99),
(2043, 240, '万年县', 3, 99),
(2044, 240, '婺源县', 3, 99),
(2045, 241, '渝水区', 3, 99),
(2046, 241, '分宜县', 3, 99),
(2047, 242, '袁州区', 3, 99),
(2048, 242, '丰城市', 3, 99),
(2049, 242, '樟树市', 3, 99),
(2050, 242, '高安市', 3, 99),
(2051, 242, '奉新县', 3, 99),
(2052, 242, '万载县', 3, 99),
(2053, 242, '上高县', 3, 99),
(2054, 242, '宜丰县', 3, 99),
(2055, 242, '靖安县', 3, 99),
(2056, 242, '铜鼓县', 3, 99),
(2057, 243, '月湖区', 3, 99),
(2058, 243, '贵溪市', 3, 99),
(2059, 243, '余江县', 3, 99),
(2060, 244, '沈河区', 3, 99),
(2061, 244, '皇姑区', 3, 99),
(2062, 244, '和平区', 3, 99),
(2063, 244, '大东区', 3, 99),
(2064, 244, '铁西区', 3, 99),
(2065, 244, '苏家屯区', 3, 99),
(2066, 244, '东陵区', 3, 99),
(2067, 244, '沈北新区', 3, 99),
(2068, 244, '于洪区', 3, 99),
(2069, 244, '浑南新区', 3, 99),
(2070, 244, '新民市', 3, 99),
(2071, 244, '辽中县', 3, 99),
(2072, 244, '康平县', 3, 99),
(2073, 244, '法库县', 3, 99),
(2074, 245, '西岗区', 3, 99),
(2075, 245, '中山区', 3, 99),
(2076, 245, '沙河口区', 3, 99),
(2077, 245, '甘井子区', 3, 99),
(2078, 245, '旅顺口区', 3, 99),
(2079, 245, '金州区', 3, 99),
(2080, 245, '开发区', 3, 99),
(2081, 245, '瓦房店市', 3, 99),
(2082, 245, '普兰店市', 3, 99),
(2083, 245, '庄河市', 3, 99),
(2084, 245, '长海县', 3, 99),
(2085, 246, '铁东区', 3, 99),
(2086, 246, '铁西区', 3, 99),
(2087, 246, '立山区', 3, 99),
(2088, 246, '千山区', 3, 99),
(2089, 246, '岫岩', 3, 99),
(2090, 246, '海城市', 3, 99),
(2091, 246, '台安县', 3, 99),
(2092, 247, '本溪', 3, 99),
(2093, 247, '平山区', 3, 99),
(2094, 247, '明山区', 3, 99),
(2095, 247, '溪湖区', 3, 99),
(2096, 247, '南芬区', 3, 99),
(2097, 247, '桓仁', 3, 99),
(2098, 248, '双塔区', 3, 99),
(2099, 248, '龙城区', 3, 99),
(2100, 248, '喀喇沁左翼蒙古族自治县', 3, 99),
(2101, 248, '北票市', 3, 99),
(2102, 248, '凌源市', 3, 99),
(2103, 248, '朝阳县', 3, 99),
(2104, 248, '建平县', 3, 99),
(2105, 249, '振兴区', 3, 99),
(2106, 249, '元宝区', 3, 99),
(2107, 249, '振安区', 3, 99),
(2108, 249, '宽甸', 3, 99),
(2109, 249, '东港市', 3, 99),
(2110, 249, '凤城市', 3, 99),
(2111, 250, '顺城区', 3, 99),
(2112, 250, '新抚区', 3, 99),
(2113, 250, '东洲区', 3, 99),
(2114, 250, '望花区', 3, 99),
(2115, 250, '清原', 3, 99),
(2116, 250, '新宾', 3, 99),
(2117, 250, '抚顺县', 3, 99),
(2118, 251, '阜新', 3, 99),
(2119, 251, '海州区', 3, 99),
(2120, 251, '新邱区', 3, 99),
(2121, 251, '太平区', 3, 99),
(2122, 251, '清河门区', 3, 99),
(2123, 251, '细河区', 3, 99),
(2124, 251, '彰武县', 3, 99),
(2125, 252, '龙港区', 3, 99),
(2126, 252, '南票区', 3, 99),
(2127, 252, '连山区', 3, 99),
(2128, 252, '兴城市', 3, 99),
(2129, 252, '绥中县', 3, 99),
(2130, 252, '建昌县', 3, 99),
(2131, 253, '太和区', 3, 99),
(2132, 253, '古塔区', 3, 99),
(2133, 253, '凌河区', 3, 99),
(2134, 253, '凌海市', 3, 99),
(2135, 253, '北镇市', 3, 99),
(2136, 253, '黑山县', 3, 99),
(2137, 253, '义县', 3, 99),
(2138, 254, '白塔区', 3, 99),
(2139, 254, '文圣区', 3, 99),
(2140, 254, '宏伟区', 3, 99),
(2141, 254, '太子河区', 3, 99),
(2142, 254, '弓长岭区', 3, 99),
(2143, 254, '灯塔市', 3, 99),
(2144, 254, '辽阳县', 3, 99),
(2145, 255, '双台子区', 3, 99),
(2146, 255, '兴隆台区', 3, 99),
(2147, 255, '大洼县', 3, 99),
(2148, 255, '盘山县', 3, 99),
(2149, 256, '银州区', 3, 99),
(2150, 256, '清河区', 3, 99),
(2151, 256, '调兵山市', 3, 99),
(2152, 256, '开原市', 3, 99),
(2153, 256, '铁岭县', 3, 99),
(2154, 256, '西丰县', 3, 99),
(2155, 256, '昌图县', 3, 99),
(2156, 257, '站前区', 3, 99),
(2157, 257, '西市区', 3, 99),
(2158, 257, '鲅鱼圈区', 3, 99),
(2159, 257, '老边区', 3, 99),
(2160, 257, '盖州市', 3, 99),
(2161, 257, '大石桥市', 3, 99),
(2162, 258, '回民区', 3, 99),
(2163, 258, '玉泉区', 3, 99),
(2164, 258, '新城区', 3, 99),
(2165, 258, '赛罕区', 3, 99),
(2166, 258, '清水河县', 3, 99),
(2167, 258, '土默特左旗', 3, 99),
(2168, 258, '托克托县', 3, 99),
(2169, 258, '和林格尔县', 3, 99),
(2170, 258, '武川县', 3, 99),
(2171, 259, '阿拉善左旗', 3, 99),
(2172, 259, '阿拉善右旗', 3, 99),
(2173, 259, '额济纳旗', 3, 99),
(2174, 260, '临河区', 3, 99),
(2175, 260, '五原县', 3, 99),
(2176, 260, '磴口县', 3, 99),
(2177, 260, '乌拉特前旗', 3, 99),
(2178, 260, '乌拉特中旗', 3, 99),
(2179, 260, '乌拉特后旗', 3, 99),
(2180, 260, '杭锦后旗', 3, 99),
(2181, 261, '昆都仑区', 3, 99),
(2182, 261, '青山区', 3, 99),
(2183, 261, '东河区', 3, 99),
(2184, 261, '九原区', 3, 99),
(2185, 261, '石拐区', 3, 99),
(2186, 261, '白云矿区', 3, 99),
(2187, 261, '土默特右旗', 3, 99),
(2188, 261, '固阳县', 3, 99),
(2189, 261, '达尔罕茂明安联合旗', 3, 99),
(2190, 262, '红山区', 3, 99),
(2191, 262, '元宝山区', 3, 99),
(2192, 262, '松山区', 3, 99),
(2193, 262, '阿鲁科尔沁旗', 3, 99),
(2194, 262, '巴林左旗', 3, 99),
(2195, 262, '巴林右旗', 3, 99),
(2196, 262, '林西县', 3, 99),
(2197, 262, '克什克腾旗', 3, 99),
(2198, 262, '翁牛特旗', 3, 99),
(2199, 262, '喀喇沁旗', 3, 99),
(2200, 262, '宁城县', 3, 99),
(2201, 262, '敖汉旗', 3, 99),
(2202, 263, '东胜区', 3, 99),
(2203, 263, '达拉特旗', 3, 99),
(2204, 263, '准格尔旗', 3, 99),
(2205, 263, '鄂托克前旗', 3, 99),
(2206, 263, '鄂托克旗', 3, 99),
(2207, 263, '杭锦旗', 3, 99),
(2208, 263, '乌审旗', 3, 99),
(2209, 263, '伊金霍洛旗', 3, 99),
(2210, 264, '海拉尔区', 3, 99),
(2211, 264, '莫力达瓦', 3, 99),
(2212, 264, '满洲里市', 3, 99),
(2213, 264, '牙克石市', 3, 99),
(2214, 264, '扎兰屯市', 3, 99),
(2215, 264, '额尔古纳市', 3, 99),
(2216, 264, '根河市', 3, 99),
(2217, 264, '阿荣旗', 3, 99),
(2218, 264, '鄂伦春自治旗', 3, 99),
(2219, 264, '鄂温克族自治旗', 3, 99),
(2220, 264, '陈巴尔虎旗', 3, 99),
(2221, 264, '新巴尔虎左旗', 3, 99),
(2222, 264, '新巴尔虎右旗', 3, 99),
(2223, 265, '科尔沁区', 3, 99),
(2224, 265, '霍林郭勒市', 3, 99),
(2225, 265, '科尔沁左翼中旗', 3, 99),
(2226, 265, '科尔沁左翼后旗', 3, 99),
(2227, 265, '开鲁县', 3, 99),
(2228, 265, '库伦旗', 3, 99),
(2229, 265, '奈曼旗', 3, 99),
(2230, 265, '扎鲁特旗', 3, 99),
(2231, 266, '海勃湾区', 3, 99),
(2232, 266, '乌达区', 3, 99),
(2233, 266, '海南区', 3, 99),
(2234, 267, '化德县', 3, 99),
(2235, 267, '集宁区', 3, 99),
(2236, 267, '丰镇市', 3, 99),
(2237, 267, '卓资县', 3, 99),
(2238, 267, '商都县', 3, 99),
(2239, 267, '兴和县', 3, 99),
(2240, 267, '凉城县', 3, 99),
(2241, 267, '察哈尔右翼前旗', 3, 99),
(2242, 267, '察哈尔右翼中旗', 3, 99),
(2243, 267, '察哈尔右翼后旗', 3, 99),
(2244, 267, '四子王旗', 3, 99),
(2245, 268, '二连浩特市', 3, 99),
(2246, 268, '锡林浩特市', 3, 99),
(2247, 268, '阿巴嘎旗', 3, 99),
(2248, 268, '苏尼特左旗', 3, 99),
(2249, 268, '苏尼特右旗', 3, 99),
(2250, 268, '东乌珠穆沁旗', 3, 99),
(2251, 268, '西乌珠穆沁旗', 3, 99),
(2252, 268, '太仆寺旗', 3, 99),
(2253, 268, '镶黄旗', 3, 99),
(2254, 268, '正镶白旗', 3, 99),
(2255, 268, '正蓝旗', 3, 99),
(2256, 268, '多伦县', 3, 99),
(2257, 269, '乌兰浩特市', 3, 99),
(2258, 269, '阿尔山市', 3, 99),
(2259, 269, '科尔沁右翼前旗', 3, 99),
(2260, 269, '科尔沁右翼中旗', 3, 99),
(2261, 269, '扎赉特旗', 3, 99),
(2262, 269, '突泉县', 3, 99),
(2263, 270, '西夏区', 3, 99),
(2264, 270, '金凤区', 3, 99),
(2265, 270, '兴庆区', 3, 99),
(2266, 270, '灵武市', 3, 99),
(2267, 270, '永宁县', 3, 99),
(2268, 270, '贺兰县', 3, 99),
(2269, 271, '原州区', 3, 99),
(2270, 271, '海原县', 3, 99),
(2271, 271, '西吉县', 3, 99),
(2272, 271, '隆德县', 3, 99),
(2273, 271, '泾源县', 3, 99),
(2274, 271, '彭阳县', 3, 99),
(2275, 272, '惠农县', 3, 99),
(2276, 272, '大武口区', 3, 99),
(2277, 272, '惠农区', 3, 99),
(2278, 272, '陶乐县', 3, 99),
(2279, 272, '平罗县', 3, 99),
(2280, 273, '利通区', 3, 99),
(2281, 273, '中卫县', 3, 99),
(2282, 273, '青铜峡市', 3, 99),
(2283, 273, '中宁县', 3, 99),
(2284, 273, '盐池县', 3, 99),
(2285, 273, '同心县', 3, 99),
(2286, 274, '沙坡头区', 3, 99),
(2287, 274, '海原县', 3, 99),
(2288, 274, '中宁县', 3, 99),
(2289, 275, '城中区', 3, 99),
(2290, 275, '城东区', 3, 99),
(2291, 275, '城西区', 3, 99),
(2292, 275, '城北区', 3, 99),
(2293, 275, '湟中县', 3, 99),
(2294, 275, '湟源县', 3, 99),
(2295, 275, '大通', 3, 99),
(2296, 276, '玛沁县', 3, 99),
(2297, 276, '班玛县', 3, 99),
(2298, 276, '甘德县', 3, 99),
(2299, 276, '达日县', 3, 99),
(2300, 276, '久治县', 3, 99),
(2301, 276, '玛多县', 3, 99),
(2302, 277, '海晏县', 3, 99),
(2303, 277, '祁连县', 3, 99),
(2304, 277, '刚察县', 3, 99),
(2305, 277, '门源', 3, 99),
(2306, 278, '平安县', 3, 99),
(2307, 278, '乐都县', 3, 99),
(2308, 278, '民和', 3, 99),
(2309, 278, '互助', 3, 99),
(2310, 278, '化隆', 3, 99),
(2311, 278, '循化', 3, 99),
(2312, 279, '共和县', 3, 99),
(2313, 279, '同德县', 3, 99),
(2314, 279, '贵德县', 3, 99),
(2315, 279, '兴海县', 3, 99),
(2316, 279, '贵南县', 3, 99),
(2317, 280, '德令哈市', 3, 99),
(2318, 280, '格尔木市', 3, 99),
(2319, 280, '乌兰县', 3, 99),
(2320, 280, '都兰县', 3, 99),
(2321, 280, '天峻县', 3, 99),
(2322, 281, '同仁县', 3, 99),
(2323, 281, '尖扎县', 3, 99),
(2324, 281, '泽库县', 3, 99),
(2325, 281, '河南蒙古族自治县', 3, 99),
(2326, 282, '玉树县', 3, 99),
(2327, 282, '杂多县', 3, 99),
(2328, 282, '称多县', 3, 99),
(2329, 282, '治多县', 3, 99),
(2330, 282, '囊谦县', 3, 99),
(2331, 282, '曲麻莱县', 3, 99),
(2332, 283, '市中区', 3, 99),
(2333, 283, '历下区', 3, 99),
(2334, 283, '天桥区', 3, 99),
(2335, 283, '槐荫区', 3, 99),
(2336, 283, '历城区', 3, 99),
(2337, 283, '长清区', 3, 99),
(2338, 283, '章丘市', 3, 99),
(2339, 283, '平阴县', 3, 99),
(2340, 283, '济阳县', 3, 99),
(2341, 283, '商河县', 3, 99),
(2342, 284, '市南区', 3, 99),
(2343, 284, '市北区', 3, 99),
(2344, 284, '城阳区', 3, 99),
(2345, 284, '四方区', 3, 99),
(2346, 284, '李沧区', 3, 99),
(2347, 284, '黄岛区', 3, 99),
(2348, 284, '崂山区', 3, 99),
(2349, 284, '胶州市', 3, 99),
(2350, 284, '即墨市', 3, 99),
(2351, 284, '平度市', 3, 99),
(2352, 284, '胶南市', 3, 99),
(2353, 284, '莱西市', 3, 99),
(2354, 285, '滨城区', 3, 99),
(2355, 285, '惠民县', 3, 99),
(2356, 285, '阳信县', 3, 99),
(2357, 285, '无棣县', 3, 99),
(2358, 285, '沾化县', 3, 99),
(2359, 285, '博兴县', 3, 99),
(2360, 285, '邹平县', 3, 99),
(2361, 286, '德城区', 3, 99),
(2362, 286, '陵县', 3, 99),
(2363, 286, '乐陵市', 3, 99),
(2364, 286, '禹城市', 3, 99),
(2365, 286, '宁津县', 3, 99),
(2366, 286, '庆云县', 3, 99),
(2367, 286, '临邑县', 3, 99),
(2368, 286, '齐河县', 3, 99),
(2369, 286, '平原县', 3, 99),
(2370, 286, '夏津县', 3, 99),
(2371, 286, '武城县', 3, 99),
(2372, 287, '东营区', 3, 99),
(2373, 287, '河口区', 3, 99),
(2374, 287, '垦利县', 3, 99),
(2375, 287, '利津县', 3, 99),
(2376, 287, '广饶县', 3, 99),
(2377, 288, '牡丹区', 3, 99),
(2378, 288, '曹县', 3, 99),
(2379, 288, '单县', 3, 99),
(2380, 288, '成武县', 3, 99),
(2381, 288, '巨野县', 3, 99),
(2382, 288, '郓城县', 3, 99),
(2383, 288, '鄄城县', 3, 99),
(2384, 288, '定陶县', 3, 99),
(2385, 288, '东明县', 3, 99),
(2386, 289, '市中区', 3, 99),
(2387, 289, '任城区', 3, 99),
(2388, 289, '曲阜市', 3, 99),
(2389, 289, '兖州市', 3, 99),
(2390, 289, '邹城市', 3, 99),
(2391, 289, '微山县', 3, 99),
(2392, 289, '鱼台县', 3, 99),
(2393, 289, '金乡县', 3, 99),
(2394, 289, '嘉祥县', 3, 99),
(2395, 289, '汶上县', 3, 99),
(2396, 289, '泗水县', 3, 99),
(2397, 289, '梁山县', 3, 99),
(2398, 290, '莱城区', 3, 99),
(2399, 290, '钢城区', 3, 99),
(2400, 291, '东昌府区', 3, 99),
(2401, 291, '临清市', 3, 99),
(2402, 291, '阳谷县', 3, 99),
(2403, 291, '莘县', 3, 99),
(2404, 291, '茌平县', 3, 99),
(2405, 291, '东阿县', 3, 99),
(2406, 291, '冠县', 3, 99),
(2407, 291, '高唐县', 3, 99),
(2408, 292, '兰山区', 3, 99),
(2409, 292, '罗庄区', 3, 99),
(2410, 292, '河东区', 3, 99),
(2411, 292, '沂南县', 3, 99),
(2412, 292, '郯城县', 3, 99),
(2413, 292, '沂水县', 3, 99),
(2414, 292, '苍山县', 3, 99),
(2415, 292, '费县', 3, 99),
(2416, 292, '平邑县', 3, 99),
(2417, 292, '莒南县', 3, 99),
(2418, 292, '蒙阴县', 3, 99),
(2419, 292, '临沭县', 3, 99),
(2420, 293, '东港区', 3, 99),
(2421, 293, '岚山区', 3, 99),
(2422, 293, '五莲县', 3, 99),
(2423, 293, '莒县', 3, 99),
(2424, 294, '泰山区', 3, 99),
(2425, 294, '岱岳区', 3, 99),
(2426, 294, '新泰市', 3, 99),
(2427, 294, '肥城市', 3, 99),
(2428, 294, '宁阳县', 3, 99),
(2429, 294, '东平县', 3, 99),
(2430, 295, '荣成市', 3, 99),
(2431, 295, '乳山市', 3, 99),
(2432, 295, '环翠区', 3, 99),
(2433, 295, '文登市', 3, 99),
(2434, 296, '潍城区', 3, 99),
(2435, 296, '寒亭区', 3, 99),
(2436, 296, '坊子区', 3, 99),
(2437, 296, '奎文区', 3, 99),
(2438, 296, '青州市', 3, 99),
(2439, 296, '诸城市', 3, 99),
(2440, 296, '寿光市', 3, 99),
(2441, 296, '安丘市', 3, 99),
(2442, 296, '高密市', 3, 99),
(2443, 296, '昌邑市', 3, 99),
(2444, 296, '临朐县', 3, 99),
(2445, 296, '昌乐县', 3, 99),
(2446, 297, '芝罘区', 3, 99),
(2447, 297, '福山区', 3, 99),
(2448, 297, '牟平区', 3, 99),
(2449, 297, '莱山区', 3, 99),
(2450, 297, '开发区', 3, 99),
(2451, 297, '龙口市', 3, 99),
(2452, 297, '莱阳市', 3, 99),
(2453, 297, '莱州市', 3, 99),
(2454, 297, '蓬莱市', 3, 99),
(2455, 297, '招远市', 3, 99),
(2456, 297, '栖霞市', 3, 99),
(2457, 297, '海阳市', 3, 99),
(2458, 297, '长岛县', 3, 99),
(2459, 298, '市中区', 3, 99),
(2460, 298, '山亭区', 3, 99),
(2461, 298, '峄城区', 3, 99),
(2462, 298, '台儿庄区', 3, 99),
(2463, 298, '薛城区', 3, 99),
(2464, 298, '滕州市', 3, 99),
(2465, 299, '张店区', 3, 99),
(2466, 299, '临淄区', 3, 99),
(2467, 299, '淄川区', 3, 99),
(2468, 299, '博山区', 3, 99),
(2469, 299, '周村区', 3, 99),
(2470, 299, '桓台县', 3, 99),
(2471, 299, '高青县', 3, 99),
(2472, 299, '沂源县', 3, 99),
(2473, 300, '杏花岭区', 3, 99),
(2474, 300, '小店区', 3, 99),
(2475, 300, '迎泽区', 3, 99),
(2476, 300, '尖草坪区', 3, 99),
(2477, 300, '万柏林区', 3, 99),
(2478, 300, '晋源区', 3, 99),
(2479, 300, '高新开发区', 3, 99),
(2480, 300, '民营经济开发区', 3, 99),
(2481, 300, '经济技术开发区', 3, 99),
(2482, 300, '清徐县', 3, 99),
(2483, 300, '阳曲县', 3, 99),
(2484, 300, '娄烦县', 3, 99),
(2485, 300, '古交市', 3, 99),
(2486, 301, '城区', 3, 99),
(2487, 301, '郊区', 3, 99),
(2488, 301, '沁县', 3, 99),
(2489, 301, '潞城市', 3, 99),
(2490, 301, '长治县', 3, 99),
(2491, 301, '襄垣县', 3, 99),
(2492, 301, '屯留县', 3, 99),
(2493, 301, '平顺县', 3, 99),
(2494, 301, '黎城县', 3, 99),
(2495, 301, '壶关县', 3, 99),
(2496, 301, '长子县', 3, 99),
(2497, 301, '武乡县', 3, 99),
(2498, 301, '沁源县', 3, 99),
(2499, 302, '城区', 3, 99),
(2500, 302, '矿区', 3, 99),
(2501, 302, '南郊区', 3, 99),
(2502, 302, '新荣区', 3, 99),
(2503, 302, '阳高县', 3, 99),
(2504, 302, '天镇县', 3, 99),
(2505, 302, '广灵县', 3, 99),
(2506, 302, '灵丘县', 3, 99),
(2507, 302, '浑源县', 3, 99),
(2508, 302, '左云县', 3, 99),
(2509, 302, '大同县', 3, 99),
(2510, 303, '城区', 3, 99),
(2511, 303, '高平市', 3, 99),
(2512, 303, '沁水县', 3, 99),
(2513, 303, '阳城县', 3, 99),
(2514, 303, '陵川县', 3, 99),
(2515, 303, '泽州县', 3, 99),
(2516, 304, '榆次区', 3, 99),
(2517, 304, '介休市', 3, 99),
(2518, 304, '榆社县', 3, 99),
(2519, 304, '左权县', 3, 99),
(2520, 304, '和顺县', 3, 99),
(2521, 304, '昔阳县', 3, 99),
(2522, 304, '寿阳县', 3, 99),
(2523, 304, '太谷县', 3, 99),
(2524, 304, '祁县', 3, 99),
(2525, 304, '平遥县', 3, 99),
(2526, 304, '灵石县', 3, 99),
(2527, 305, '尧都区', 3, 99),
(2528, 305, '侯马市', 3, 99),
(2529, 305, '霍州市', 3, 99),
(2530, 305, '曲沃县', 3, 99),
(2531, 305, '翼城县', 3, 99),
(2532, 305, '襄汾县', 3, 99),
(2533, 305, '洪洞县', 3, 99),
(2534, 305, '吉县', 3, 99),
(2535, 305, '安泽县', 3, 99),
(2536, 305, '浮山县', 3, 99),
(2537, 305, '古县', 3, 99),
(2538, 305, '乡宁县', 3, 99),
(2539, 305, '大宁县', 3, 99),
(2540, 305, '隰县', 3, 99),
(2541, 305, '永和县', 3, 99),
(2542, 305, '蒲县', 3, 99),
(2543, 305, '汾西县', 3, 99),
(2544, 306, '离石市', 3, 99),
(2545, 306, '离石区', 3, 99),
(2546, 306, '孝义市', 3, 99),
(2547, 306, '汾阳市', 3, 99),
(2548, 306, '文水县', 3, 99),
(2549, 306, '交城县', 3, 99),
(2550, 306, '兴县', 3, 99),
(2551, 306, '临县', 3, 99),
(2552, 306, '柳林县', 3, 99),
(2553, 306, '石楼县', 3, 99),
(2554, 306, '岚县', 3, 99),
(2555, 306, '方山县', 3, 99),
(2556, 306, '中阳县', 3, 99),
(2557, 306, '交口县', 3, 99),
(2558, 307, '朔城区', 3, 99),
(2559, 307, '平鲁区', 3, 99),
(2560, 307, '山阴县', 3, 99),
(2561, 307, '应县', 3, 99),
(2562, 307, '右玉县', 3, 99),
(2563, 307, '怀仁县', 3, 99),
(2564, 308, '忻府区', 3, 99),
(2565, 308, '原平市', 3, 99),
(2566, 308, '定襄县', 3, 99),
(2567, 308, '五台县', 3, 99),
(2568, 308, '代县', 3, 99),
(2569, 308, '繁峙县', 3, 99),
(2570, 308, '宁武县', 3, 99),
(2571, 308, '静乐县', 3, 99),
(2572, 308, '神池县', 3, 99),
(2573, 308, '五寨县', 3, 99),
(2574, 308, '岢岚县', 3, 99),
(2575, 308, '河曲县', 3, 99),
(2576, 308, '保德县', 3, 99),
(2577, 308, '偏关县', 3, 99),
(2578, 309, '城区', 3, 99),
(2579, 309, '矿区', 3, 99),
(2580, 309, '郊区', 3, 99),
(2581, 309, '平定县', 3, 99),
(2582, 309, '盂县', 3, 99),
(2583, 310, '盐湖区', 3, 99),
(2584, 310, '永济市', 3, 99),
(2585, 310, '河津市', 3, 99),
(2586, 310, '临猗县', 3, 99),
(2587, 310, '万荣县', 3, 99),
(2588, 310, '闻喜县', 3, 99),
(2589, 310, '稷山县', 3, 99),
(2590, 310, '新绛县', 3, 99),
(2591, 310, '绛县', 3, 99),
(2592, 310, '垣曲县', 3, 99),
(2593, 310, '夏县', 3, 99),
(2594, 310, '平陆县', 3, 99),
(2595, 310, '芮城县', 3, 99),
(2596, 311, '莲湖区', 3, 99),
(2597, 311, '新城区', 3, 99),
(2598, 311, '碑林区', 3, 99),
(2599, 311, '雁塔区', 3, 99),
(2600, 311, '灞桥区', 3, 99),
(2601, 311, '未央区', 3, 99),
(2602, 311, '阎良区', 3, 99),
(2603, 311, '临潼区', 3, 99),
(2604, 311, '长安区', 3, 99),
(2605, 311, '蓝田县', 3, 99),
(2606, 311, '周至县', 3, 99),
(2607, 311, '户县', 3, 99),
(2608, 311, '高陵县', 3, 99),
(2609, 312, '汉滨区', 3, 99),
(2610, 312, '汉阴县', 3, 99),
(2611, 312, '石泉县', 3, 99),
(2612, 312, '宁陕县', 3, 99),
(2613, 312, '紫阳县', 3, 99),
(2614, 312, '岚皋县', 3, 99),
(2615, 312, '平利县', 3, 99),
(2616, 312, '镇坪县', 3, 99),
(2617, 312, '旬阳县', 3, 99),
(2618, 312, '白河县', 3, 99),
(2619, 313, '陈仓区', 3, 99),
(2620, 313, '渭滨区', 3, 99),
(2621, 313, '金台区', 3, 99),
(2622, 313, '凤翔县', 3, 99),
(2623, 313, '岐山县', 3, 99),
(2624, 313, '扶风县', 3, 99),
(2625, 313, '眉县', 3, 99),
(2626, 313, '陇县', 3, 99),
(2627, 313, '千阳县', 3, 99),
(2628, 313, '麟游县', 3, 99),
(2629, 313, '凤县', 3, 99),
(2630, 313, '太白县', 3, 99),
(2631, 314, '汉台区', 3, 99),
(2632, 314, '南郑县', 3, 99),
(2633, 314, '城固县', 3, 99),
(2634, 314, '洋县', 3, 99),
(2635, 314, '西乡县', 3, 99),
(2636, 314, '勉县', 3, 99),
(2637, 314, '宁强县', 3, 99),
(2638, 314, '略阳县', 3, 99),
(2639, 314, '镇巴县', 3, 99),
(2640, 314, '留坝县', 3, 99),
(2641, 314, '佛坪县', 3, 99),
(2642, 315, '商州区', 3, 99),
(2643, 315, '洛南县', 3, 99),
(2644, 315, '丹凤县', 3, 99),
(2645, 315, '商南县', 3, 99),
(2646, 315, '山阳县', 3, 99),
(2647, 315, '镇安县', 3, 99),
(2648, 315, '柞水县', 3, 99),
(2649, 316, '耀州区', 3, 99),
(2650, 316, '王益区', 3, 99),
(2651, 316, '印台区', 3, 99),
(2652, 316, '宜君县', 3, 99),
(2653, 317, '临渭区', 3, 99),
(2654, 317, '韩城市', 3, 99),
(2655, 317, '华阴市', 3, 99),
(2656, 317, '华县', 3, 99),
(2657, 317, '潼关县', 3, 99),
(2658, 317, '大荔县', 3, 99),
(2659, 317, '合阳县', 3, 99),
(2660, 317, '澄城县', 3, 99),
(2661, 317, '蒲城县', 3, 99),
(2662, 317, '白水县', 3, 99),
(2663, 317, '富平县', 3, 99),
(2664, 318, '秦都区', 3, 99),
(2665, 318, '渭城区', 3, 99),
(2666, 318, '杨陵区', 3, 99),
(2667, 318, '兴平市', 3, 99),
(2668, 318, '三原县', 3, 99),
(2669, 318, '泾阳县', 3, 99),
(2670, 318, '乾县', 3, 99),
(2671, 318, '礼泉县', 3, 99),
(2672, 318, '永寿县', 3, 99),
(2673, 318, '彬县', 3, 99),
(2674, 318, '长武县', 3, 99),
(2675, 318, '旬邑县', 3, 99),
(2676, 318, '淳化县', 3, 99),
(2677, 318, '武功县', 3, 99),
(2678, 319, '吴起县', 3, 99),
(2679, 319, '宝塔区', 3, 99),
(2680, 319, '延长县', 3, 99),
(2681, 319, '延川县', 3, 99),
(2682, 319, '子长县', 3, 99),
(2683, 319, '安塞县', 3, 99),
(2684, 319, '志丹县', 3, 99),
(2685, 319, '甘泉县', 3, 99),
(2686, 319, '富县', 3, 99),
(2687, 319, '洛川县', 3, 99),
(2688, 319, '宜川县', 3, 99),
(2689, 319, '黄龙县', 3, 99),
(2690, 319, '黄陵县', 3, 99),
(2691, 320, '榆阳区', 3, 99),
(2692, 320, '神木县', 3, 99),
(2693, 320, '府谷县', 3, 99),
(2694, 320, '横山县', 3, 99),
(2695, 320, '靖边县', 3, 99),
(2696, 320, '定边县', 3, 99),
(2697, 320, '绥德县', 3, 99),
(2698, 320, '米脂县', 3, 99),
(2699, 320, '佳县', 3, 99),
(2700, 320, '吴堡县', 3, 99),
(2701, 320, '清涧县', 3, 99),
(2702, 320, '子洲县', 3, 99),
(2703, 321, '长宁区', 3, 99),
(2704, 321, '闸北区', 3, 99),
(2705, 321, '闵行区', 3, 99),
(2706, 321, '徐汇区', 3, 99),
(2707, 321, '浦东新区', 3, 99),
(2708, 321, '杨浦区', 3, 99),
(2709, 321, '普陀区', 3, 99),
(2710, 321, '静安区', 3, 99),
(2711, 321, '卢湾区', 3, 99),
(2712, 321, '虹口区', 3, 99),
(2713, 321, '黄浦区', 3, 99),
(2714, 321, '南汇区', 3, 99),
(2715, 321, '松江区', 3, 99),
(2716, 321, '嘉定区', 3, 99),
(2717, 321, '宝山区', 3, 99),
(2718, 321, '青浦区', 3, 99),
(2719, 321, '金山区', 3, 99),
(2720, 321, '奉贤区', 3, 99),
(2721, 321, '崇明县', 3, 99),
(2722, 322, '青羊区', 3, 99),
(2723, 322, '锦江区', 3, 99),
(2724, 322, '金牛区', 3, 99),
(2725, 322, '武侯区', 3, 99),
(2726, 322, '成华区', 3, 99),
(2727, 322, '龙泉驿区', 3, 99),
(2728, 322, '青白江区', 3, 99),
(2729, 322, '新都区', 3, 99),
(2730, 322, '温江区', 3, 99),
(2731, 322, '高新区', 3, 99),
(2732, 322, '高新西区', 3, 99),
(2733, 322, '都江堰市', 3, 99),
(2734, 322, '彭州市', 3, 99),
(2735, 322, '邛崃市', 3, 99),
(2736, 322, '崇州市', 3, 99),
(2737, 322, '金堂县', 3, 99),
(2738, 322, '双流县', 3, 99),
(2739, 322, '郫县', 3, 99),
(2740, 322, '大邑县', 3, 99),
(2741, 322, '蒲江县', 3, 99),
(2742, 322, '新津县', 3, 99),
(2743, 322, '都江堰市', 3, 99),
(2744, 322, '彭州市', 3, 99),
(2745, 322, '邛崃市', 3, 99),
(2746, 322, '崇州市', 3, 99),
(2747, 322, '金堂县', 3, 99),
(2748, 322, '双流县', 3, 99),
(2749, 322, '郫县', 3, 99),
(2750, 322, '大邑县', 3, 99),
(2751, 322, '蒲江县', 3, 99),
(2752, 322, '新津县', 3, 99),
(2753, 323, '涪城区', 3, 99),
(2754, 323, '游仙区', 3, 99),
(2755, 323, '江油市', 3, 99),
(2756, 323, '盐亭县', 3, 99),
(2757, 323, '三台县', 3, 99),
(2758, 323, '平武县', 3, 99),
(2759, 323, '安县', 3, 99),
(2760, 323, '梓潼县', 3, 99),
(2761, 323, '北川县', 3, 99),
(2762, 324, '马尔康县', 3, 99),
(2763, 324, '汶川县', 3, 99),
(2764, 324, '理县', 3, 99),
(2765, 324, '茂县', 3, 99),
(2766, 324, '松潘县', 3, 99),
(2767, 324, '九寨沟县', 3, 99),
(2768, 324, '金川县', 3, 99),
(2769, 324, '小金县', 3, 99),
(2770, 324, '黑水县', 3, 99),
(2771, 324, '壤塘县', 3, 99),
(2772, 324, '阿坝县', 3, 99),
(2773, 324, '若尔盖县', 3, 99),
(2774, 324, '红原县', 3, 99),
(2775, 325, '巴州区', 3, 99),
(2776, 325, '通江县', 3, 99),
(2777, 325, '南江县', 3, 99),
(2778, 325, '平昌县', 3, 99),
(2779, 326, '通川区', 3, 99),
(2780, 326, '万源市', 3, 99),
(2781, 326, '达县', 3, 99),
(2782, 326, '宣汉县', 3, 99),
(2783, 326, '开江县', 3, 99),
(2784, 326, '大竹县', 3, 99),
(2785, 326, '渠县', 3, 99),
(2786, 327, '旌阳区', 3, 99),
(2787, 327, '广汉市', 3, 99),
(2788, 327, '什邡市', 3, 99),
(2789, 327, '绵竹市', 3, 99),
(2790, 327, '罗江县', 3, 99),
(2791, 327, '中江县', 3, 99),
(2792, 328, '康定县', 3, 99),
(2793, 328, '丹巴县', 3, 99),
(2794, 328, '泸定县', 3, 99),
(2795, 328, '炉霍县', 3, 99),
(2796, 328, '九龙县', 3, 99),
(2797, 328, '甘孜县', 3, 99),
(2798, 328, '雅江县', 3, 99),
(2799, 328, '新龙县', 3, 99),
(2800, 328, '道孚县', 3, 99),
(2801, 328, '白玉县', 3, 99),
(2802, 328, '理塘县', 3, 99),
(2803, 328, '德格县', 3, 99),
(2804, 328, '乡城县', 3, 99),
(2805, 328, '石渠县', 3, 99),
(2806, 328, '稻城县', 3, 99),
(2807, 328, '色达县', 3, 99),
(2808, 328, '巴塘县', 3, 99),
(2809, 328, '得荣县', 3, 99),
(2810, 329, '广安区', 3, 99),
(2811, 329, '华蓥市', 3, 99),
(2812, 329, '岳池县', 3, 99),
(2813, 329, '武胜县', 3, 99),
(2814, 329, '邻水县', 3, 99),
(2815, 330, '利州区', 3, 99),
(2816, 330, '元坝区', 3, 99),
(2817, 330, '朝天区', 3, 99),
(2818, 330, '旺苍县', 3, 99),
(2819, 330, '青川县', 3, 99),
(2820, 330, '剑阁县', 3, 99),
(2821, 330, '苍溪县', 3, 99),
(2822, 331, '峨眉山市', 3, 99),
(2823, 331, '乐山市', 3, 99),
(2824, 331, '犍为县', 3, 99),
(2825, 331, '井研县', 3, 99),
(2826, 331, '夹江县', 3, 99),
(2827, 331, '沐川县', 3, 99),
(2828, 331, '峨边', 3, 99),
(2829, 331, '马边', 3, 99),
(2830, 332, '西昌市', 3, 99),
(2831, 332, '盐源县', 3, 99),
(2832, 332, '德昌县', 3, 99),
(2833, 332, '会理县', 3, 99),
(2834, 332, '会东县', 3, 99),
(2835, 332, '宁南县', 3, 99),
(2836, 332, '普格县', 3, 99),
(2837, 332, '布拖县', 3, 99),
(2838, 332, '金阳县', 3, 99),
(2839, 332, '昭觉县', 3, 99),
(2840, 332, '喜德县', 3, 99),
(2841, 332, '冕宁县', 3, 99),
(2842, 332, '越西县', 3, 99),
(2843, 332, '甘洛县', 3, 99),
(2844, 332, '美姑县', 3, 99),
(2845, 332, '雷波县', 3, 99),
(2846, 332, '木里', 3, 99),
(2847, 333, '东坡区', 3, 99),
(2848, 333, '仁寿县', 3, 99),
(2849, 333, '彭山县', 3, 99),
(2850, 333, '洪雅县', 3, 99),
(2851, 333, '丹棱县', 3, 99),
(2852, 333, '青神县', 3, 99),
(2853, 334, '阆中市', 3, 99),
(2854, 334, '南部县', 3, 99),
(2855, 334, '营山县', 3, 99),
(2856, 334, '蓬安县', 3, 99),
(2857, 334, '仪陇县', 3, 99),
(2858, 334, '顺庆区', 3, 99),
(2859, 334, '高坪区', 3, 99),
(2860, 334, '嘉陵区', 3, 99),
(2861, 334, '西充县', 3, 99),
(2862, 335, '市中区', 3, 99),
(2863, 335, '东兴区', 3, 99),
(2864, 335, '威远县', 3, 99),
(2865, 335, '资中县', 3, 99),
(2866, 335, '隆昌县', 3, 99),
(2867, 336, '东  区', 3, 99),
(2868, 336, '西  区', 3, 99),
(2869, 336, '仁和区', 3, 99),
(2870, 336, '米易县', 3, 99),
(2871, 336, '盐边县', 3, 99),
(2872, 337, '船山区', 3, 99),
(2873, 337, '安居区', 3, 99),
(2874, 337, '蓬溪县', 3, 99),
(2875, 337, '射洪县', 3, 99),
(2876, 337, '大英县', 3, 99),
(2877, 338, '雨城区', 3, 99),
(2878, 338, '名山县', 3, 99),
(2879, 338, '荥经县', 3, 99),
(2880, 338, '汉源县', 3, 99),
(2881, 338, '石棉县', 3, 99),
(2882, 338, '天全县', 3, 99),
(2883, 338, '芦山县', 3, 99),
(2884, 338, '宝兴县', 3, 99),
(2885, 339, '翠屏区', 3, 99),
(2886, 339, '宜宾县', 3, 99),
(2887, 339, '南溪县', 3, 99),
(2888, 339, '江安县', 3, 99),
(2889, 339, '长宁县', 3, 99),
(2890, 339, '高县', 3, 99),
(2891, 339, '珙县', 3, 99),
(2892, 339, '筠连县', 3, 99),
(2893, 339, '兴文县', 3, 99),
(2894, 339, '屏山县', 3, 99),
(2895, 340, '雁江区', 3, 99),
(2896, 340, '简阳市', 3, 99),
(2897, 340, '安岳县', 3, 99),
(2898, 340, '乐至县', 3, 99),
(2899, 341, '大安区', 3, 99),
(2900, 341, '自流井区', 3, 99),
(2901, 341, '贡井区', 3, 99),
(2902, 341, '沿滩区', 3, 99),
(2903, 341, '荣县', 3, 99),
(2904, 341, '富顺县', 3, 99),
(2905, 342, '江阳区', 3, 99),
(2906, 342, '纳溪区', 3, 99),
(2907, 342, '龙马潭区', 3, 99),
(2908, 342, '泸县', 3, 99),
(2909, 342, '合江县', 3, 99),
(2910, 342, '叙永县', 3, 99),
(2911, 342, '古蔺县', 3, 99),
(2912, 343, '和平区', 3, 99),
(2913, 343, '河西区', 3, 99),
(2914, 343, '南开区', 3, 99),
(2915, 343, '河北区', 3, 99),
(2916, 343, '河东区', 3, 99),
(2917, 343, '红桥区', 3, 99),
(2918, 343, '东丽区', 3, 99),
(2919, 343, '津南区', 3, 99),
(2920, 343, '西青区', 3, 99),
(2921, 343, '北辰区', 3, 99),
(2922, 343, '塘沽区', 3, 99),
(2923, 343, '汉沽区', 3, 99),
(2924, 343, '大港区', 3, 99),
(2925, 343, '武清区', 3, 99),
(2926, 343, '宝坻区', 3, 99),
(2927, 343, '经济开发区', 3, 99),
(2928, 343, '宁河县', 3, 99),
(2929, 343, '静海县', 3, 99),
(2930, 343, '蓟县', 3, 99),
(2931, 344, '城关区', 3, 99),
(2932, 344, '林周县', 3, 99),
(2933, 344, '当雄县', 3, 99),
(2934, 344, '尼木县', 3, 99),
(2935, 344, '曲水县', 3, 99),
(2936, 344, '堆龙德庆县', 3, 99),
(2937, 344, '达孜县', 3, 99),
(2938, 344, '墨竹工卡县', 3, 99),
(2939, 345, '噶尔县', 3, 99),
(2940, 345, '普兰县', 3, 99),
(2941, 345, '札达县', 3, 99),
(2942, 345, '日土县', 3, 99),
(2943, 345, '革吉县', 3, 99),
(2944, 345, '改则县', 3, 99),
(2945, 345, '措勤县', 3, 99),
(2946, 346, '昌都县', 3, 99),
(2947, 346, '江达县', 3, 99),
(2948, 346, '贡觉县', 3, 99),
(2949, 346, '类乌齐县', 3, 99),
(2950, 346, '丁青县', 3, 99),
(2951, 346, '察雅县', 3, 99),
(2952, 346, '八宿县', 3, 99),
(2953, 346, '左贡县', 3, 99),
(2954, 346, '芒康县', 3, 99),
(2955, 346, '洛隆县', 3, 99),
(2956, 346, '边坝县', 3, 99),
(2957, 347, '林芝县', 3, 99),
(2958, 347, '工布江达县', 3, 99),
(2959, 347, '米林县', 3, 99),
(2960, 347, '墨脱县', 3, 99),
(2961, 347, '波密县', 3, 99),
(2962, 347, '察隅县', 3, 99),
(2963, 347, '朗县', 3, 99),
(2964, 348, '那曲县', 3, 99),
(2965, 348, '嘉黎县', 3, 99),
(2966, 348, '比如县', 3, 99),
(2967, 348, '聂荣县', 3, 99),
(2968, 348, '安多县', 3, 99),
(2969, 348, '申扎县', 3, 99),
(2970, 348, '索县', 3, 99),
(2971, 348, '班戈县', 3, 99),
(2972, 348, '巴青县', 3, 99),
(2973, 348, '尼玛县', 3, 99),
(2974, 349, '日喀则市', 3, 99),
(2975, 349, '南木林县', 3, 99),
(2976, 349, '江孜县', 3, 99),
(2977, 349, '定日县', 3, 99),
(2978, 349, '萨迦县', 3, 99),
(2979, 349, '拉孜县', 3, 99),
(2980, 349, '昂仁县', 3, 99),
(2981, 349, '谢通门县', 3, 99),
(2982, 349, '白朗县', 3, 99),
(2983, 349, '仁布县', 3, 99),
(2984, 349, '康马县', 3, 99),
(2985, 349, '定结县', 3, 99),
(2986, 349, '仲巴县', 3, 99),
(2987, 349, '亚东县', 3, 99),
(2988, 349, '吉隆县', 3, 99),
(2989, 349, '聂拉木县', 3, 99),
(2990, 349, '萨嘎县', 3, 99),
(2991, 349, '岗巴县', 3, 99),
(2992, 350, '乃东县', 3, 99),
(2993, 350, '扎囊县', 3, 99),
(2994, 350, '贡嘎县', 3, 99),
(2995, 350, '桑日县', 3, 99),
(2996, 350, '琼结县', 3, 99),
(2997, 350, '曲松县', 3, 99),
(2998, 350, '措美县', 3, 99),
(2999, 350, '洛扎县', 3, 99),
(3000, 350, '加查县', 3, 99),
(3001, 350, '隆子县', 3, 99),
(3002, 350, '错那县', 3, 99),
(3003, 350, '浪卡子县', 3, 99),
(3004, 351, '天山区', 3, 99),
(3005, 351, '沙依巴克区', 3, 99),
(3006, 351, '新市区', 3, 99),
(3007, 351, '水磨沟区', 3, 99),
(3008, 351, '头屯河区', 3, 99),
(3009, 351, '达坂城区', 3, 99),
(3010, 351, '米东区', 3, 99),
(3011, 351, '乌鲁木齐县', 3, 99),
(3012, 352, '阿克苏市', 3, 99),
(3013, 352, '温宿县', 3, 99),
(3014, 352, '库车县', 3, 99),
(3015, 352, '沙雅县', 3, 99),
(3016, 352, '新和县', 3, 99),
(3017, 352, '拜城县', 3, 99),
(3018, 352, '乌什县', 3, 99),
(3019, 352, '阿瓦提县', 3, 99),
(3020, 352, '柯坪县', 3, 99),
(3021, 353, '阿拉尔市', 3, 99),
(3022, 354, '库尔勒市', 3, 99),
(3023, 354, '轮台县', 3, 99),
(3024, 354, '尉犁县', 3, 99),
(3025, 354, '若羌县', 3, 99),
(3026, 354, '且末县', 3, 99),
(3027, 354, '焉耆', 3, 99),
(3028, 354, '和静县', 3, 99),
(3029, 354, '和硕县', 3, 99),
(3030, 354, '博湖县', 3, 99),
(3031, 355, '博乐市', 3, 99),
(3032, 355, '精河县', 3, 99),
(3033, 355, '温泉县', 3, 99),
(3034, 356, '呼图壁县', 3, 99),
(3035, 356, '米泉市', 3, 99),
(3036, 356, '昌吉市', 3, 99),
(3037, 356, '阜康市', 3, 99),
(3038, 356, '玛纳斯县', 3, 99),
(3039, 356, '奇台县', 3, 99),
(3040, 356, '吉木萨尔县', 3, 99),
(3041, 356, '木垒', 3, 99),
(3042, 357, '哈密市', 3, 99),
(3043, 357, '伊吾县', 3, 99),
(3044, 357, '巴里坤', 3, 99),
(3045, 358, '和田市', 3, 99),
(3046, 358, '和田县', 3, 99),
(3047, 358, '墨玉县', 3, 99),
(3048, 358, '皮山县', 3, 99),
(3049, 358, '洛浦县', 3, 99),
(3050, 358, '策勒县', 3, 99),
(3051, 358, '于田县', 3, 99),
(3052, 358, '民丰县', 3, 99),
(3053, 359, '喀什市', 3, 99),
(3054, 359, '疏附县', 3, 99),
(3055, 359, '疏勒县', 3, 99),
(3056, 359, '英吉沙县', 3, 99),
(3057, 359, '泽普县', 3, 99),
(3058, 359, '莎车县', 3, 99),
(3059, 359, '叶城县', 3, 99),
(3060, 359, '麦盖提县', 3, 99),
(3061, 359, '岳普湖县', 3, 99),
(3062, 359, '伽师县', 3, 99),
(3063, 359, '巴楚县', 3, 99),
(3064, 359, '塔什库尔干', 3, 99),
(3065, 360, '克拉玛依市', 3, 99),
(3066, 361, '阿图什市', 3, 99),
(3067, 361, '阿克陶县', 3, 99),
(3068, 361, '阿合奇县', 3, 99),
(3069, 361, '乌恰县', 3, 99),
(3070, 362, '石河子市', 3, 99),
(3071, 363, '图木舒克市', 3, 99),
(3072, 364, '吐鲁番市', 3, 99),
(3073, 364, '鄯善县', 3, 99),
(3074, 364, '托克逊县', 3, 99),
(3075, 365, '五家渠市', 3, 99),
(3076, 366, '阿勒泰市', 3, 99),
(3077, 366, '布克赛尔', 3, 99),
(3078, 366, '伊宁市', 3, 99),
(3079, 366, '布尔津县', 3, 99),
(3080, 366, '奎屯市', 3, 99),
(3081, 366, '乌苏市', 3, 99),
(3082, 366, '额敏县', 3, 99),
(3083, 366, '富蕴县', 3, 99),
(3084, 366, '伊宁县', 3, 99),
(3085, 366, '福海县', 3, 99),
(3086, 366, '霍城县', 3, 99),
(3087, 366, '沙湾县', 3, 99),
(3088, 366, '巩留县', 3, 99),
(3089, 366, '哈巴河县', 3, 99),
(3090, 366, '托里县', 3, 99),
(3091, 366, '青河县', 3, 99),
(3092, 366, '新源县', 3, 99),
(3093, 366, '裕民县', 3, 99),
(3094, 366, '和布克赛尔', 3, 99),
(3095, 366, '吉木乃县', 3, 99),
(3096, 366, '昭苏县', 3, 99),
(3097, 366, '特克斯县', 3, 99),
(3098, 366, '尼勒克县', 3, 99),
(3099, 366, '察布查尔', 3, 99),
(3100, 367, '盘龙区', 3, 99),
(3101, 367, '五华区', 3, 99),
(3102, 367, '官渡区', 3, 99),
(3103, 367, '西山区', 3, 99),
(3104, 367, '东川区', 3, 99),
(3105, 367, '安宁市', 3, 99),
(3106, 367, '呈贡县', 3, 99),
(3107, 367, '晋宁县', 3, 99),
(3108, 367, '富民县', 3, 99),
(3109, 367, '宜良县', 3, 99),
(3110, 367, '嵩明县', 3, 99),
(3111, 367, '石林县', 3, 99),
(3112, 367, '禄劝', 3, 99),
(3113, 367, '寻甸', 3, 99),
(3114, 368, '兰坪', 3, 99),
(3115, 368, '泸水县', 3, 99),
(3116, 368, '福贡县', 3, 99),
(3117, 368, '贡山', 3, 99),
(3118, 369, '宁洱', 3, 99),
(3119, 369, '思茅区', 3, 99),
(3120, 369, '墨江', 3, 99),
(3121, 369, '景东', 3, 99),
(3122, 369, '景谷', 3, 99),
(3123, 369, '镇沅', 3, 99),
(3124, 369, '江城', 3, 99),
(3125, 369, '孟连', 3, 99),
(3126, 369, '澜沧', 3, 99),
(3127, 369, '西盟', 3, 99),
(3128, 370, '古城区', 3, 99),
(3129, 370, '宁蒗', 3, 99),
(3130, 370, '玉龙', 3, 99),
(3131, 370, '永胜县', 3, 99),
(3132, 370, '华坪县', 3, 99),
(3133, 371, '隆阳区', 3, 99),
(3134, 371, '施甸县', 3, 99),
(3135, 371, '腾冲县', 3, 99),
(3136, 371, '龙陵县', 3, 99),
(3137, 371, '昌宁县', 3, 99),
(3138, 372, '楚雄市', 3, 99),
(3139, 372, '双柏县', 3, 99),
(3140, 372, '牟定县', 3, 99),
(3141, 372, '南华县', 3, 99),
(3142, 372, '姚安县', 3, 99),
(3143, 372, '大姚县', 3, 99),
(3144, 372, '永仁县', 3, 99),
(3145, 372, '元谋县', 3, 99),
(3146, 372, '武定县', 3, 99),
(3147, 372, '禄丰县', 3, 99),
(3148, 373, '大理市', 3, 99),
(3149, 373, '祥云县', 3, 99),
(3150, 373, '宾川县', 3, 99),
(3151, 373, '弥渡县', 3, 99),
(3152, 373, '永平县', 3, 99),
(3153, 373, '云龙县', 3, 99),
(3154, 373, '洱源县', 3, 99),
(3155, 373, '剑川县', 3, 99),
(3156, 373, '鹤庆县', 3, 99),
(3157, 373, '漾濞', 3, 99),
(3158, 373, '南涧', 3, 99),
(3159, 373, '巍山', 3, 99),
(3160, 374, '潞西市', 3, 99),
(3161, 374, '瑞丽市', 3, 99),
(3162, 374, '梁河县', 3, 99),
(3163, 374, '盈江县', 3, 99),
(3164, 374, '陇川县', 3, 99),
(3165, 375, '香格里拉县', 3, 99),
(3166, 375, '德钦县', 3, 99),
(3167, 375, '维西', 3, 99),
(3168, 376, '泸西县', 3, 99),
(3169, 376, '蒙自县', 3, 99),
(3170, 376, '个旧市', 3, 99),
(3171, 376, '开远市', 3, 99),
(3172, 376, '绿春县', 3, 99),
(3173, 376, '建水县', 3, 99),
(3174, 376, '石屏县', 3, 99),
(3175, 376, '弥勒县', 3, 99),
(3176, 376, '元阳县', 3, 99),
(3177, 376, '红河县', 3, 99),
(3178, 376, '金平', 3, 99),
(3179, 376, '河口', 3, 99),
(3180, 376, '屏边', 3, 99),
(3181, 377, '临翔区', 3, 99),
(3182, 377, '凤庆县', 3, 99),
(3183, 377, '云县', 3, 99),
(3184, 377, '永德县', 3, 99),
(3185, 377, '镇康县', 3, 99),
(3186, 377, '双江', 3, 99),
(3187, 377, '耿马', 3, 99),
(3188, 377, '沧源', 3, 99),
(3189, 378, '麒麟区', 3, 99),
(3190, 378, '宣威市', 3, 99),
(3191, 378, '马龙县', 3, 99),
(3192, 378, '陆良县', 3, 99),
(3193, 378, '师宗县', 3, 99),
(3194, 378, '罗平县', 3, 99),
(3195, 378, '富源县', 3, 99),
(3196, 378, '会泽县', 3, 99),
(3197, 378, '沾益县', 3, 99),
(3198, 379, '文山县', 3, 99),
(3199, 379, '砚山县', 3, 99),
(3200, 379, '西畴县', 3, 99),
(3201, 379, '麻栗坡县', 3, 99),
(3202, 379, '马关县', 3, 99),
(3203, 379, '丘北县', 3, 99),
(3204, 379, '广南县', 3, 99),
(3205, 379, '富宁县', 3, 99),
(3206, 380, '景洪市', 3, 99),
(3207, 380, '勐海县', 3, 99),
(3208, 380, '勐腊县', 3, 99),
(3209, 381, '红塔区', 3, 99),
(3210, 381, '江川县', 3, 99),
(3211, 381, '澄江县', 3, 99),
(3212, 381, '通海县', 3, 99),
(3213, 381, '华宁县', 3, 99),
(3214, 381, '易门县', 3, 99),
(3215, 381, '峨山', 3, 99),
(3216, 381, '新平', 3, 99),
(3217, 381, '元江', 3, 99),
(3218, 382, '昭阳区', 3, 99),
(3219, 382, '鲁甸县', 3, 99),
(3220, 382, '巧家县', 3, 99),
(3221, 382, '盐津县', 3, 99),
(3222, 382, '大关县', 3, 99),
(3223, 382, '永善县', 3, 99),
(3224, 382, '绥江县', 3, 99),
(3225, 382, '镇雄县', 3, 99),
(3226, 382, '彝良县', 3, 99),
(3227, 382, '威信县', 3, 99),
(3228, 382, '水富县', 3, 99),
(3229, 383, '西湖区', 3, 99),
(3230, 383, '上城区', 3, 99),
(3231, 383, '下城区', 3, 99),
(3232, 383, '拱墅区', 3, 99),
(3233, 383, '滨江区', 3, 99),
(3234, 383, '江干区', 3, 99),
(3235, 383, '萧山区', 3, 99),
(3236, 383, '余杭区', 3, 99),
(3237, 383, '市郊', 3, 99),
(3238, 383, '建德市', 3, 99),
(3239, 383, '富阳市', 3, 99),
(3240, 383, '临安市', 3, 99),
(3241, 383, '桐庐县', 3, 99),
(3242, 383, '淳安县', 3, 99),
(3243, 384, '吴兴区', 3, 99),
(3244, 384, '南浔区', 3, 99),
(3245, 384, '德清县', 3, 99),
(3246, 384, '长兴县', 3, 99),
(3247, 384, '安吉县', 3, 99),
(3248, 385, '南湖区', 3, 99),
(3249, 385, '秀洲区', 3, 99),
(3250, 385, '海宁市', 3, 99),
(3251, 385, '嘉善县', 3, 99),
(3252, 385, '平湖市', 3, 99),
(3253, 385, '桐乡市', 3, 99),
(3254, 385, '海盐县', 3, 99),
(3255, 386, '婺城区', 3, 99),
(3256, 386, '金东区', 3, 99),
(3257, 386, '兰溪市', 3, 99),
(3258, 386, '市区', 3, 99),
(3259, 386, '佛堂镇', 3, 99),
(3260, 386, '上溪镇', 3, 99),
(3261, 386, '义亭镇', 3, 99),
(3262, 386, '大陈镇', 3, 99),
(3263, 386, '苏溪镇', 3, 99),
(3264, 386, '赤岸镇', 3, 99),
(3265, 386, '东阳市', 3, 99),
(3266, 386, '永康市', 3, 99),
(3267, 386, '武义县', 3, 99),
(3268, 386, '浦江县', 3, 99),
(3269, 386, '磐安县', 3, 99),
(3270, 387, '莲都区', 3, 99),
(3271, 387, '龙泉市', 3, 99),
(3272, 387, '青田县', 3, 99),
(3273, 387, '缙云县', 3, 99),
(3274, 387, '遂昌县', 3, 99),
(3275, 387, '松阳县', 3, 99),
(3276, 387, '云和县', 3, 99),
(3277, 387, '庆元县', 3, 99),
(3278, 387, '景宁', 3, 99),
(3279, 388, '海曙区', 3, 99),
(3280, 388, '江东区', 3, 99),
(3281, 388, '江北区', 3, 99),
(3282, 388, '镇海区', 3, 99),
(3283, 388, '北仑区', 3, 99),
(3284, 388, '鄞州区', 3, 99),
(3285, 388, '余姚市', 3, 99),
(3286, 388, '慈溪市', 3, 99),
(3287, 388, '奉化市', 3, 99),
(3288, 388, '象山县', 3, 99),
(3289, 388, '宁海县', 3, 99),
(3290, 389, '越城区', 3, 99),
(3291, 389, '上虞市', 3, 99),
(3292, 389, '嵊州市', 3, 99),
(3293, 389, '绍兴县', 3, 99),
(3294, 389, '新昌县', 3, 99),
(3295, 389, '诸暨市', 3, 99),
(3296, 390, '椒江区', 3, 99),
(3297, 390, '黄岩区', 3, 99),
(3298, 390, '路桥区', 3, 99),
(3299, 390, '温岭市', 3, 99),
(3300, 390, '临海市', 3, 99),
(3301, 390, '玉环县', 3, 99),
(3302, 390, '三门县', 3, 99),
(3303, 390, '天台县', 3, 99),
(3304, 390, '仙居县', 3, 99),
(3305, 391, '鹿城区', 3, 99),
(3306, 391, '龙湾区', 3, 99);
INSERT INTO `x_region` (`id`, `pid`, `name`, `type`, `listorder`) VALUES
(3307, 391, '瓯海区', 3, 99),
(3308, 391, '瑞安市', 3, 99),
(3309, 391, '乐清市', 3, 99),
(3310, 391, '洞头县', 3, 99),
(3311, 391, '永嘉县', 3, 99),
(3312, 391, '平阳县', 3, 99),
(3313, 391, '苍南县', 3, 99),
(3314, 391, '文成县', 3, 99),
(3315, 391, '泰顺县', 3, 99),
(3316, 392, '定海区', 3, 99),
(3317, 392, '普陀区', 3, 99),
(3318, 392, '岱山县', 3, 99),
(3319, 392, '嵊泗县', 3, 99),
(3320, 393, '衢州市', 3, 99),
(3321, 393, '江山市', 3, 99),
(3322, 393, '常山县', 3, 99),
(3323, 393, '开化县', 3, 99),
(3324, 393, '龙游县', 3, 99),
(3325, 394, '合川区', 3, 99),
(3326, 394, '江津区', 3, 99),
(3327, 394, '南川区', 3, 99),
(3328, 394, '永川区', 3, 99),
(3329, 394, '南岸区', 3, 99),
(3330, 394, '渝北区', 3, 99),
(3331, 394, '万盛区', 3, 99),
(3332, 394, '大渡口区', 3, 99),
(3333, 394, '万州区', 3, 99),
(3334, 394, '北碚区', 3, 99),
(3335, 394, '沙坪坝区', 3, 99),
(3336, 394, '巴南区', 3, 99),
(3337, 394, '涪陵区', 3, 99),
(3338, 394, '江北区', 3, 99),
(3339, 394, '九龙坡区', 3, 99),
(3340, 394, '渝中区', 3, 99),
(3341, 394, '黔江开发区', 3, 99),
(3342, 394, '长寿区', 3, 99),
(3343, 394, '双桥区', 3, 99),
(3344, 394, '綦江县', 3, 99),
(3345, 394, '潼南县', 3, 99),
(3346, 394, '铜梁县', 3, 99),
(3347, 394, '大足县', 3, 99),
(3348, 394, '荣昌县', 3, 99),
(3349, 394, '璧山县', 3, 99),
(3350, 394, '垫江县', 3, 99),
(3351, 394, '武隆县', 3, 99),
(3352, 394, '丰都县', 3, 99),
(3353, 394, '城口县', 3, 99),
(3354, 394, '梁平县', 3, 99),
(3355, 394, '开县', 3, 99),
(3356, 394, '巫溪县', 3, 99),
(3357, 394, '巫山县', 3, 99),
(3358, 394, '奉节县', 3, 99),
(3359, 394, '云阳县', 3, 99),
(3360, 394, '忠县', 3, 99),
(3361, 394, '石柱', 3, 99),
(3362, 394, '彭水', 3, 99),
(3363, 394, '酉阳', 3, 99),
(3364, 394, '秀山', 3, 99),
(3365, 395, '沙田区', 3, 99),
(3366, 395, '东区', 3, 99),
(3367, 395, '观塘区', 3, 99),
(3368, 395, '黄大仙区', 3, 99),
(3369, 395, '九龙城区', 3, 99),
(3370, 395, '屯门区', 3, 99),
(3371, 395, '葵青区', 3, 99),
(3372, 395, '元朗区', 3, 99),
(3373, 395, '深水埗区', 3, 99),
(3374, 395, '西贡区', 3, 99),
(3375, 395, '大埔区', 3, 99),
(3376, 395, '湾仔区', 3, 99),
(3377, 395, '油尖旺区', 3, 99),
(3378, 395, '北区', 3, 99),
(3379, 395, '南区', 3, 99),
(3380, 395, '荃湾区', 3, 99),
(3381, 395, '中西区', 3, 99),
(3382, 395, '离岛区', 3, 99),
(3383, 396, '澳门', 3, 99),
(3384, 397, '台北', 3, 99),
(3385, 397, '高雄', 3, 99),
(3386, 397, '基隆', 3, 99),
(3387, 397, '台中', 3, 99),
(3388, 397, '台南', 3, 99),
(3389, 397, '新竹', 3, 99),
(3390, 397, '嘉义', 3, 99),
(3391, 397, '宜兰县', 3, 99),
(3392, 397, '桃园县', 3, 99),
(3393, 397, '苗栗县', 3, 99),
(3394, 397, '彰化县', 3, 99),
(3395, 397, '南投县', 3, 99),
(3396, 397, '云林县', 3, 99),
(3397, 397, '屏东县', 3, 99),
(3398, 397, '台东县', 3, 99),
(3399, 397, '花莲县', 3, 99),
(3400, 397, '澎湖县', 3, 99),
(3401, 3, '合肥', 2, 99),
(3402, 3401, '庐阳区', 3, 99),
(3403, 3401, '瑶海区', 3, 99),
(3404, 3401, '蜀山区', 3, 99),
(3405, 3401, '包河区', 3, 99),
(3406, 3401, '长丰县', 3, 99),
(3407, 3401, '肥东县', 3, 99),
(3408, 3401, '肥西县', 3, 99),
(3409, 0, '国外', 0, 99);

-- --------------------------------------------------------

--
-- 表的结构 `x_relationship_company`
--

CREATE TABLE IF NOT EXISTS `x_relationship_company` (
  `id` int(11) NOT NULL AUTO_INCREMENT,
  `name` varchar(50) NOT NULL,
  `phone` varchar(20) NOT NULL,
  `email` varchar(200) DEFAULT NULL,
  `contact` varchar(20) DEFAULT NULL,
  `region_id` smallint(6) NOT NULL,
  `address` varchar(255) DEFAULT NULL,
  `user_id` int(11) NOT NULL,
  `dateline` varchar(12) NOT NULL,
  `is_customer` tinyint(1) NOT NULL DEFAULT '1',
  `is_supplier` tinyint(1) NOT NULL DEFAULT '1',
  `status` int(11) NOT NULL,
  PRIMARY KEY (`id`),
  KEY `name` (`name`,`user_id`),
  KEY `dateline` (`dateline`,`status`),
  KEY `region_id` (`region_id`),
  KEY `is_customer` (`is_customer`)
) ENGINE=MyISAM  DEFAULT CHARSET=utf8 AUTO_INCREMENT=23 ;

--
-- 转存表中的数据 `x_relationship_company`
--

INSERT INTO `x_relationship_company` (`id`, `name`, `phone`, `email`, `contact`, `region_id`, `address`, `user_id`, `dateline`, `is_customer`, `is_supplier`, `status`) VALUES
(5, '私有客户测试', '13999', '2304809@qq.com', '老二', 2439, '123123123', 2, '1384948362', 1, 1, 1),
(15, '王宾田', '1321231582', '32655689@qq.com', '二王', 420, 'wadian', 9, '1386379690', 1, 1, 1),
(21, '诸城兴芳制衣', '18953602326', 'zcxf007@163.com', '于总', 2439, '诸城市南外环孔戈庄', 10, '1387435824', 1, 1, 1),
(22, '义昌印染', '15005362150', 'grhzcyc@126.com', '管部长', 2439, '山东省诸城市经济开发区和平北街北段东侧', 10, '1387436049', 1, 1, 1);

-- --------------------------------------------------------

--
-- 表的结构 `x_relationship_company_linkman`
--

CREATE TABLE IF NOT EXISTS `x_relationship_company_linkman` (
  `id` int(11) NOT NULL AUTO_INCREMENT,
  `relationship_company_id` int(11) NOT NULL,
  `contact` varchar(20) NOT NULL,
  `phone1` varchar(50) NOT NULL,
  `phone2` varchar(50) DEFAULT NULL,
  `email` varchar(100) DEFAULT NULL,
  `qq` varchar(20) DEFAULT NULL,
  `extra` text,
  `dateline` varchar(12) NOT NULL,
  PRIMARY KEY (`id`),
  KEY `customer_id` (`relationship_company_id`,`dateline`)
) ENGINE=MyISAM  DEFAULT CHARSET=utf8 AUTO_INCREMENT=25 ;

--
-- 转存表中的数据 `x_relationship_company_linkman`
--

INSERT INTO `x_relationship_company_linkman` (`id`, `relationship_company_id`, `contact`, `phone1`, `phone2`, `email`, `qq`, `extra`, `dateline`) VALUES
(8, 5, '老二', '13999', NULL, '2304809@qq.com', NULL, NULL, '1384948362'),
(18, 15, '二王', '1321231582', NULL, '32655689@qq.com', NULL, NULL, '1386379690'),
(21, 0, '123', '123', '123', '123@123.xx', '123', '123', '1387007639'),
(23, 21, '于总', '18953602326', NULL, 'zcxf007@163.com', NULL, NULL, '1387435824'),
(24, 22, '管部长', '15005362150', NULL, 'grhzcyc@126.com', NULL, NULL, '1387436049');

-- --------------------------------------------------------

--
-- 表的结构 `x_returns`
--

CREATE TABLE IF NOT EXISTS `x_returns` (
  `id` int(11) NOT NULL AUTO_INCREMENT,
  `bill_code` varchar(20) NOT NULL,
  `returns_type` smallint(3) NOT NULL,
  `subject` varchar(50) NOT NULL,
  `saler_id` int(11) NOT NULL,
  `customer_id` int(11) NOT NULL,
  `customer_linkman_id` int(11) NOT NULL,
  `stock_id` int(11) NOT NULL,
  `total_num` int(11) NOT NULL DEFAULT '0',
  `total_price` float NOT NULL DEFAULT '0',
  `total_price_real` float NOT NULL DEFAULT '0',
  `dateline` varchar(12) NOT NULL,
  `status` smallint(1) NOT NULL DEFAULT '0',
  `memo` varchar(255) NOT NULL,
  PRIMARY KEY (`id`),
  KEY `subject` (`subject`,`saler_id`,`customer_id`,`dateline`,`status`),
  KEY `stock_id` (`stock_id`),
  KEY `customer_linkman_id` (`customer_linkman_id`),
  KEY `sale_type` (`returns_type`)
) ENGINE=InnoDB  DEFAULT CHARSET=utf8 AUTO_INCREMENT=2 ;

--
-- 转存表中的数据 `x_returns`
--

INSERT INTO `x_returns` (`id`, `bill_code`, `returns_type`, `subject`, `saler_id`, `customer_id`, `customer_linkman_id`, `stock_id`, `total_num`, `total_price`, `total_price_real`, `dateline`, `status`, `memo`) VALUES
(1, 'E110372345753942', 8, '客户退货', 1, 21, 23, 1, 3, 0, 0, '1389337234', 2, '');

-- --------------------------------------------------------

--
-- 表的结构 `x_returns_detail`
--

CREATE TABLE IF NOT EXISTS `x_returns_detail` (
  `id` int(11) NOT NULL AUTO_INCREMENT,
  `returns_id` int(11) NOT NULL,
  `goods_id` int(11) NOT NULL,
  `color_id` int(11) NOT NULL,
  `standard_id` int(11) NOT NULL,
  `num` decimal(10,2) NOT NULL,
  `factory_code_all` varchar(50) NOT NULL,
  PRIMARY KEY (`id`),
  KEY `order_id` (`returns_id`,`goods_id`,`color_id`,`standard_id`,`num`),
  KEY `factory_code_all` (`factory_code_all`)
) ENGINE=InnoDB  DEFAULT CHARSET=utf8 AUTO_INCREMENT=2 ;

--
-- 转存表中的数据 `x_returns_detail`
--

INSERT INTO `x_returns_detail` (`id`, `returns_id`, `goods_id`, `color_id`, `standard_id`, `num`, `factory_code_all`) VALUES
(1, 1, 1, 1, 1, '3.00', '001-1-1');

-- --------------------------------------------------------

--
-- 表的结构 `x_shipment`
--

CREATE TABLE IF NOT EXISTS `x_shipment` (
  `id` int(11) NOT NULL AUTO_INCREMENT,
  `stockout_id` int(11) NOT NULL DEFAULT '0',
  `shipment_type` int(11) NOT NULL,
  `from_name` varchar(50) NOT NULL,
  `from_company` varchar(100) NOT NULL,
  `from_address` varchar(255) NOT NULL,
  `from_phone` varchar(50) NOT NULL,
  `to_name` varchar(50) NOT NULL,
  `to_company` varchar(100) NOT NULL,
  `to_address` varchar(255) NOT NULL,
  `to_phone` varchar(50) NOT NULL,
  `freight_type` smallint(5) NOT NULL DEFAULT '10',
  `freight` float(5,2) NOT NULL,
  `weight` varchar(20) NOT NULL,
  `total_num` int(11) NOT NULL,
  PRIMARY KEY (`id`),
  KEY `stockout_id` (`stockout_id`),
  KEY `shipment_type` (`shipment_type`),
  KEY `freight_type` (`freight_type`)
) ENGINE=InnoDB DEFAULT CHARSET=utf8 AUTO_INCREMENT=1 ;

-- --------------------------------------------------------

--
-- 表的结构 `x_stock`
--

CREATE TABLE IF NOT EXISTS `x_stock` (
  `id` int(11) NOT NULL AUTO_INCREMENT,
  `managers` varchar(50) NOT NULL DEFAULT '',
  `name` varchar(50) NOT NULL,
  `total_num` int(11) NOT NULL,
  PRIMARY KEY (`id`),
  KEY `name` (`name`),
  KEY `total_num` (`total_num`)
) ENGINE=InnoDB  DEFAULT CHARSET=utf8 AUTO_INCREMENT=12 ;

--
-- 转存表中的数据 `x_stock`
--

INSERT INTO `x_stock` (`id`, `managers`, `name`, `total_num`) VALUES
(1, '1,2,10', '成品库A', 772),
(2, '', '次品库', 0),
(3, '', '退换货库', 0),
(9, '', '原料库', 0),
(10, '6', '一厂仓库', 0),
(11, '1,8', '成品库B', 0);

-- --------------------------------------------------------

--
-- 表的结构 `x_stockin`
--

CREATE TABLE IF NOT EXISTS `x_stockin` (
  `id` int(11) NOT NULL AUTO_INCREMENT,
  `subject` varchar(30) NOT NULL,
  `dateline` varchar(12) NOT NULL,
  `total_num` int(11) NOT NULL DEFAULT '0',
  `status` smallint(1) NOT NULL,
  `user_id` int(11) NOT NULL,
  `source_model` varchar(30) NOT NULL,
  `source_id` int(11) NOT NULL DEFAULT '0',
  `stock_manager` int(11) NOT NULL,
  `stock_id` int(11) NOT NULL,
  `memo` varchar(255) DEFAULT NULL,
  PRIMARY KEY (`id`),
  KEY `subject` (`subject`,`dateline`,`status`),
  KEY `user_id` (`user_id`),
  KEY `stock_id` (`stock_id`),
  KEY `confirm_user_id` (`stock_manager`),
  KEY `source_model` (`source_model`,`source_id`)
) ENGINE=InnoDB  DEFAULT CHARSET=utf8 AUTO_INCREMENT=5 ;

--
-- 转存表中的数据 `x_stockin`
--

INSERT INTO `x_stockin` (`id`, `subject`, `dateline`, `total_num`, `status`, `user_id`, `source_model`, `source_id`, `stock_manager`, `stock_id`, `memo`) VALUES
(1, '2014.1.10入库', '1389336190', 5, 2, 1, '', 0, 1, 1, ''),
(2, '你好', '1389337154', 80, 1, 1, '', 0, 0, 1, '你好'),
(3, '客户退货', '1389337242', 3, 2, 1, 'Returns', 1, 1, 1, ''),
(4, '采购原料', '1389337337', 500, 2, 1, 'Purchase', 1, 1, 1, '');

-- --------------------------------------------------------

--
-- 表的结构 `x_stockin_detail`
--

CREATE TABLE IF NOT EXISTS `x_stockin_detail` (
  `id` int(11) NOT NULL AUTO_INCREMENT,
  `stockin_id` int(11) NOT NULL,
  `goods_id` int(11) NOT NULL,
  `color_id` int(11) NOT NULL,
  `standard_id` int(11) NOT NULL,
  `num` decimal(10,2) NOT NULL,
  `factory_code_all` varchar(20) NOT NULL,
  PRIMARY KEY (`id`),
  KEY `stockin_id` (`stockin_id`,`goods_id`),
  KEY `color_id` (`color_id`,`standard_id`),
  KEY `factory_code_all` (`factory_code_all`)
) ENGINE=InnoDB  DEFAULT CHARSET=utf8 AUTO_INCREMENT=5 ;

--
-- 转存表中的数据 `x_stockin_detail`
--

INSERT INTO `x_stockin_detail` (`id`, `stockin_id`, `goods_id`, `color_id`, `standard_id`, `num`, `factory_code_all`) VALUES
(1, 1, 1, 1, 1, '5.00', '001-1-1'),
(2, 2, 1, 1, 1, '80.00', '001-1-1'),
(3, 3, 1, 1, 1, '3.00', '001-1-1'),
(4, 4, 1, 3, 1, '500.00', '001-3-1');

-- --------------------------------------------------------

--
-- 表的结构 `x_stockout`
--

CREATE TABLE IF NOT EXISTS `x_stockout` (
  `id` int(11) NOT NULL AUTO_INCREMENT,
  `subject` varchar(50) NOT NULL,
  `source_id` int(11) NOT NULL,
  `source_model` varchar(20) NOT NULL,
  `dateline` varchar(12) NOT NULL,
  `outtime` varchar(12) DEFAULT NULL,
  `stock_id` int(11) NOT NULL,
  `total_num` int(11) NOT NULL,
  `stock_manager` int(11) NOT NULL,
  `shipment_id` int(11) NOT NULL DEFAULT '0',
  `status` smallint(1) NOT NULL,
  PRIMARY KEY (`id`),
  KEY `source_id` (`source_id`,`dateline`,`outtime`,`stock_manager`),
  KEY `status` (`status`),
  KEY `source_model` (`source_model`),
  KEY `stock_id` (`stock_id`)
) ENGINE=InnoDB  DEFAULT CHARSET=utf8 AUTO_INCREMENT=2 ;

--
-- 转存表中的数据 `x_stockout`
--

INSERT INTO `x_stockout` (`id`, `subject`, `source_id`, `source_model`, `dateline`, `outtime`, `stock_id`, `total_num`, `stock_manager`, `shipment_id`, `status`) VALUES
(1, '客户拿货', 1, 'Orders', '1389336662', NULL, 1, 6, 0, 0, 0);

-- --------------------------------------------------------

--
-- 表的结构 `x_stockout_detail`
--

CREATE TABLE IF NOT EXISTS `x_stockout_detail` (
  `id` int(11) NOT NULL AUTO_INCREMENT,
  `stockout_id` int(11) NOT NULL,
  `source_row_id` int(11) NOT NULL,
  PRIMARY KEY (`id`),
  KEY `stockout_id` (`stockout_id`,`source_row_id`)
) ENGINE=InnoDB  DEFAULT CHARSET=utf8 AUTO_INCREMENT=3 ;

--
-- 转存表中的数据 `x_stockout_detail`
--

INSERT INTO `x_stockout_detail` (`id`, `stockout_id`, `source_row_id`) VALUES
(1, 1, 1),
(2, 1, 2);

-- --------------------------------------------------------

--
-- 表的结构 `x_stock_product_list`
--

CREATE TABLE IF NOT EXISTS `x_stock_product_list` (
  `id` int(11) NOT NULL AUTO_INCREMENT,
  `factory_code_all` varchar(20) NOT NULL,
  `goods_id` int(11) NOT NULL,
  `stock_id` int(11) NOT NULL,
  `color_id` int(11) NOT NULL,
  `standard_id` int(11) NOT NULL,
  `num` int(11) NOT NULL,
  PRIMARY KEY (`id`),
  UNIQUE KEY `factory_code_all` (`factory_code_all`,`stock_id`),
  KEY `goods_id` (`goods_id`,`stock_id`),
  KEY `color_id` (`color_id`,`standard_id`)
) ENGINE=InnoDB  DEFAULT CHARSET=utf8 AUTO_INCREMENT=60 ;

--
-- 转存表中的数据 `x_stock_product_list`
--

INSERT INTO `x_stock_product_list` (`id`, `factory_code_all`, `goods_id`, `stock_id`, `color_id`, `standard_id`, `num`) VALUES
(2, '002-2-2', 2, 1, 2, 2, 47),
(3, '001-2-1', 1, 1, 2, 1, 306),
(4, '001-4-1', 1, 1, 4, 1, 505),
(5, '001-3-2', 1, 1, 3, 2, 165),
(6, '001-3-1', 1, 3, 3, 1, 7),
(7, '001-1-3', 1, 1, 1, 3, 4),
(8, '001-5-1', 1, 2, 5, 1, 6),
(9, '001-1-2', 1, 1, 1, 2, 3),
(10, '101-1-1', 5, 9, 1, 1, 685),
(11, '001-1-4', 1, 1, 1, 4, 1),
(12, '002-1-1', 2, 1, 1, 1, 1),
(13, '002-1-2', 2, 1, 1, 2, 1),
(14, '002-1-4', 2, 1, 1, 4, 1),
(15, '002-1-5', 2, 1, 1, 5, 6),
(16, '002-1-6', 2, 1, 1, 6, 1),
(17, '003-1-1', 3, 1, 1, 1, 1),
(18, '003-1-2', 3, 1, 1, 2, 1),
(19, '001-2-2', 1, 1, 2, 2, 1),
(20, '001-2-4', 1, 1, 2, 4, 1),
(21, '002-2-1', 2, 1, 2, 1, 1),
(22, '003-2-1', 3, 1, 2, 1, 1),
(23, '003-2-2', 3, 1, 2, 2, 1),
(24, '003-2-3', 3, 1, 2, 3, 1),
(25, '003-2-4', 3, 1, 2, 4, 1),
(26, '001-3-3', 1, 1, 3, 3, 1),
(27, '001-3-4', 1, 1, 3, 4, 1),
(28, '003-3-1', 3, 1, 3, 1, 1),
(29, '003-3-2', 3, 1, 3, 2, 1),
(30, '003-3-4', 3, 1, 3, 4, 1),
(31, '003-4-1', 3, 1, 4, 1, 1),
(32, '003-4-4', 3, 1, 4, 4, 1),
(33, '001-5-2', 1, 1, 5, 2, 1),
(34, '001-5-3', 1, 1, 5, 3, 1),
(35, '002-5-4', 2, 1, 5, 4, 1),
(36, '003-5-1', 3, 1, 5, 1, 1),
(37, '003-5-2', 3, 1, 5, 2, 1),
(38, '003-5-3', 3, 1, 5, 3, 1),
(39, '003-5-4', 3, 1, 5, 4, 1),
(46, '001-1-1', 1, 5, 1, 1, 2004),
(58, '001-1-1', 1, 1, 1, 1, 2975),
(59, '001-3-1', 1, 1, 3, 1, 620);

-- --------------------------------------------------------

--
-- 表的结构 `x_stock_transfer`
--

CREATE TABLE IF NOT EXISTS `x_stock_transfer` (
  `id` int(11) NOT NULL AUTO_INCREMENT,
  `subject` varchar(50) NOT NULL,
  `outstock_id` int(11) NOT NULL,
  `instock_id` int(11) NOT NULL,
  `user_id` int(11) NOT NULL,
  `confirm_user_id` int(11) NOT NULL,
  `total_num` int(11) NOT NULL,
  `dateline` varchar(12) NOT NULL,
  `status` tinyint(1) NOT NULL,
  `memo` int(11) NOT NULL,
  PRIMARY KEY (`id`),
  KEY `outstock_id` (`outstock_id`,`instock_id`,`user_id`,`confirm_user_id`,`dateline`,`status`)
) ENGINE=InnoDB DEFAULT CHARSET=utf8 AUTO_INCREMENT=1 ;

-- --------------------------------------------------------

--
-- 表的结构 `x_stock_transfer_detail`
--

CREATE TABLE IF NOT EXISTS `x_stock_transfer_detail` (
  `id` int(11) NOT NULL AUTO_INCREMENT,
  `stock_transfer_id` int(11) NOT NULL,
  `goods_id` int(11) NOT NULL,
  `color_id` int(11) NOT NULL,
  `standard_id` int(11) NOT NULL,
  `num` decimal(10,2) NOT NULL,
  `factory_code_all` varchar(20) NOT NULL,
  PRIMARY KEY (`id`),
  KEY `stock_transfer_id` (`stock_transfer_id`,`goods_id`,`color_id`,`standard_id`,`factory_code_all`)
) ENGINE=InnoDB DEFAULT CHARSET=utf8 AUTO_INCREMENT=1 ;

-- --------------------------------------------------------

--
-- 表的结构 `x_todo`
--

CREATE TABLE IF NOT EXISTS `x_todo` (
  `id` int(11) NOT NULL AUTO_INCREMENT,
  `uid` int(11) DEFAULT NULL,
  `gid` int(11) DEFAULT NULL,
  `did` int(11) DEFAULT NULL,
  `url` varchar(100) NOT NULL,
  `subject` varchar(100) NOT NULL,
  `memo` varchar(100) NOT NULL,
  `dateline` varchar(12) NOT NULL,
  `status` tinyint(1) NOT NULL DEFAULT '0',
  PRIMARY KEY (`id`),
  KEY `uid` (`uid`,`gid`,`did`),
  KEY `dateline` (`dateline`),
  KEY `status` (`status`)
) ENGINE=MyISAM DEFAULT CHARSET=utf8 AUTO_INCREMENT=1 ;

-- --------------------------------------------------------

--
-- 表的结构 `x_types`
--

CREATE TABLE IF NOT EXISTS `x_types` (
  `id` int(11) NOT NULL AUTO_INCREMENT,
  `type` varchar(20) NOT NULL,
  `alias` varchar(20) DEFAULT NULL,
  `name` varchar(20) NOT NULL,
  `listorder` smallint(3) NOT NULL,
  `status` tinyint(1) NOT NULL DEFAULT '1',
  PRIMARY KEY (`id`),
  KEY `type` (`type`,`listorder`),
  KEY `alias` (`alias`)
) ENGINE=MyISAM  DEFAULT CHARSET=utf8 COMMENT='通用类型列表' AUTO_INCREMENT=18 ;

--
-- 转存表中的数据 `x_types`
--

INSERT INTO `x_types` (`id`, `type`, `alias`, `name`, `listorder`, `status`) VALUES
(1, 'purchase', '', '本厂采购', 99, 1),
(2, 'sale', '', '阿里巴巴', 99, 1),
(3, 'sale', '', '零售', 99, 1),
(4, 'sale', '', '淘宝', 99, 1),
(5, 'returns', '', '损坏', 99, 1),
(6, 'shipment', 'yuantong', '圆通', 99, 1),
(7, 'shipment', 'shunfeng', '顺风', 99, 1),
(8, 'returns', '', '不想要了', 99, 1),
(9, 'purchase', '', '供应商采购', 99, 1),
(10, 'freight', '', '到付', 99, 1),
(11, 'freight', '', '已付', 99, 1),
(12, 'receive', 'sale', '销售收入', 99, 1),
(13, 'receive', 'other', '其他收入', 99, 1),
(14, 'pay', 'purchase', '采购支出', 99, 1),
(15, 'pay', 'other', '其他支出', 99, 1),
(16, 'pay', 'returns', '退货支出', 99, 1),
(17, 'voucher', '', '记', 99, 1);

-- --------------------------------------------------------

--
-- 表的结构 `x_user`
--

CREATE TABLE IF NOT EXISTS `x_user` (
  `id` int(11) NOT NULL AUTO_INCREMENT,
  `email` varchar(50) NOT NULL,
  `truename` varchar(30) NOT NULL,
  `username` varchar(50) NOT NULL,
  `password` varchar(50) NOT NULL,
  `phone` varchar(20) NOT NULL,
  `status` smallint(1) NOT NULL,
  `department_id` int(11) NOT NULL,
  PRIMARY KEY (`id`),
  UNIQUE KEY `email_2` (`email`),
  UNIQUE KEY `username` (`username`),
  KEY `email` (`email`,`username`),
  KEY `department_id` (`department_id`),
  KEY `truename` (`truename`)
) ENGINE=MyISAM  DEFAULT CHARSET=utf8 AUTO_INCREMENT=12 ;

--
-- 转存表中的数据 `x_user`
--

INSERT INTO `x_user` (`id`, `email`, `truename`, `username`, `password`, `phone`, `status`, `department_id`) VALUES
(1, '335454250@qq.com', '管理员', 'administrator', '4297f44b13955235245b2497399d7a93', '18653652795', 1, 8),
(2, '123@lasjdlf.xx', '销售姓名', '销售姓名', '4297f44b13955235245b2497399d7a93', '123123', 1, 1),
(8, 'cai@wu.com', '财务1', '财务1', '4297f44b13955235245b2497399d7a93', '123123', 1, 9),
(6, 'kuguan@123.com', '库管姓名', '库管1', '4297f44b13955235245b2497399d7a93', '123123', 1, 5),
(9, 'xiao@shou.com', '王龙锋', '小王啊', '4297f44b13955235245b2497399d7a93', '138838383838', 1, 10),
(10, 'test@123.com', '小微企业版', '小微', '4297f44b13955235245b2497399d7a93', '123123', 1, 1),
(11, 'test@2122.xx', '规模贸易版', '规模', '4297f44b13955235245b2497399d7a93', '123123', 1, 1);

-- --------------------------------------------------------

--
-- 表的结构 `x_user_desktop`
--

CREATE TABLE IF NOT EXISTS `x_user_desktop` (
  `uid` int(11) NOT NULL,
  `block_name` varchar(50) NOT NULL,
  `listrows` tinyint(3) NOT NULL DEFAULT '5',
  `listorder` tinyint(3) NOT NULL DEFAULT '99',
  `position` tinyint(1) NOT NULL DEFAULT '1',
  KEY `uid` (`uid`,`block_name`,`listorder`),
  KEY `position` (`position`)
) ENGINE=MyISAM DEFAULT CHARSET=utf8;

--
-- 转存表中的数据 `x_user_desktop`
--

INSERT INTO `x_user_desktop` (`uid`, `block_name`, `listrows`, `listorder`, `position`) VALUES
(1, 'NeedShipment', 5, 99, 2),
(1, 'NeedStockin', 5, 99, 2),
(1, 'NeedStockout', 5, 50, 1),
(1, 'TodaySale', 5, 99, 1);

-- --------------------------------------------------------

--
-- 表的结构 `x_workflow`
--

CREATE TABLE IF NOT EXISTS `x_workflow` (
  `id` int(11) NOT NULL AUTO_INCREMENT,
  `alias` varchar(30) NOT NULL,
  `name` varchar(50) NOT NULL,
  `workflow_file` varchar(255) DEFAULT NULL COMMENT '工作流辅助文件',
  `memo` varchar(255) NOT NULL,
  PRIMARY KEY (`id`),
  KEY `alias` (`alias`)
) ENGINE=MyISAM  DEFAULT CHARSET=utf8 AUTO_INCREMENT=10 ;

--
-- 转存表中的数据 `x_workflow`
--

INSERT INTO `x_workflow` (`id`, `alias`, `name`, `workflow_file`, `memo`) VALUES
(1, 'order', '订单工作流', 'Orders', ''),
(2, 'stockin', '普通入库单工作流', 'Stockin', ''),
(3, 'returns', '普通退货', 'Returns', ''),
(5, 'purchase', '采购工作流', 'Purchase', '采购工作流'),
(4, 'stockout', '出库工作流', 'Stockout', '普通出库工作流'),
(6, 'financePay', '财务付款计划', 'FinancePay', ''),
(7, 'financeReceive', '财务收款计划', 'FinanceReceive', ''),
(8, 'stocktransfer', '库存调拨流程', 'StockTransfer', ''),
(9, 'produce', '生产组装流程', 'Produce', '');

-- --------------------------------------------------------

--
-- 表的结构 `x_workflow_node`
--

CREATE TABLE IF NOT EXISTS `x_workflow_node` (
  `id` int(11) NOT NULL AUTO_INCREMENT,
  `workflow_id` int(11) NOT NULL,
  `name` varchar(50) NOT NULL,
  `type` smallint(1) NOT NULL COMMENT '1人为决策2自动处理3等待外部相应,4分支,5汇总6结束节点',
  `execute_file` varchar(50) NOT NULL,
  `listorder` smallint(5) NOT NULL,
  `prev_node_id` varchar(50) NOT NULL,
  `next_node_id` varchar(50) NOT NULL,
  `executor` varchar(255) NOT NULL,
  `condition` text COMMENT '可执行上下文条件',
  `default` smallint(1) NOT NULL DEFAULT '0' COMMENT '若有分支，默认执行',
  `execute_type` smallint(1) NOT NULL COMMENT '0一人执行,1所有人执行',
  `remind` int(11) NOT NULL COMMENT '是否提醒',
  `max_time` int(11) NOT NULL COMMENT '最大执行时间，超出失效，小时',
  `status_text` varchar(50) NOT NULL,
  `memo` varchar(255) DEFAULT NULL,
  `btn_class` varchar(20) NOT NULL,
  `status_class` varchar(20) NOT NULL,
  PRIMARY KEY (`id`),
  KEY `workflow_id` (`workflow_id`,`prev_node_id`,`next_node_id`,`remind`),
  KEY `listorder` (`listorder`),
  KEY `default` (`default`)
) ENGINE=MyISAM  DEFAULT CHARSET=utf8 AUTO_INCREMENT=48 ;

--
-- 转存表中的数据 `x_workflow_node`
--

INSERT INTO `x_workflow_node` (`id`, `workflow_id`, `name`, `type`, `execute_file`, `listorder`, `prev_node_id`, `next_node_id`, `executor`, `condition`, `default`, `execute_type`, `remind`, `max_time`, `status_text`, `memo`, `btn_class`, `status_class`) VALUES
(1, 1, '申请财务审核', 2, 'RequireFinanceVerify', 2, '4', '2', 'g:1,5,9,10|d:3,6,7|u:1', NULL, 0, 0, 0, 100, '已提交财务审核', '', 'primary', 'info'),
(2, 1, '财务审核通过', 2, 'FinanceVerifySuccess', 3, '1', '6', 'g:1,3,9,10|d:8|u:9', NULL, 1, 0, 0, 100, '财务审核通过，待生成出库单', '', 'success', 'success'),
(3, 1, '财务审核不通过', 7, 'FinanceVerifyFailed', 3, '1', '1', 'g:1,3,9,10', NULL, 0, 0, 1, 300, '财务审核未通过', '', 'danger', ''),
(4, 1, '保存订单', 1, 'SaveOrder', 1, '5', '1', 'g:1,5,9,10|d:3,6,7|u:1', NULL, 0, 0, 0, 300, '已保存，待提交财务审核', '', 'primary', 'info'),
(5, 1, '新建订单', 1, 'StartProcess', 0, '0', '4', 'g:1,2,5,9,10|d:3,6,7|u:1', NULL, 0, 0, 1, 300, '新订单', '', 'info', ''),
(6, 1, '生成出库单', 1, 'MakeStockoutPaper', 4, '2', '7,28', 'g:1,5,9,10|d:3,6,7|u:1', NULL, 0, 0, 0, 0, '待库管确认出库', NULL, 'info', 'info'),
(7, 1, '确认出库', 3, 'ConfirmStockout', 5, '6', '26', 'g:1,2,9,10', NULL, 0, 0, 0, 0, '出库单已确认，等待发货', NULL, 'primary', 'success'),
(9, 1, '确认发货', 3, 'Shipment', 7, '26', '10', 'g:1,2,9,10', NULL, 0, 0, 0, 0, '已发货', NULL, 'success', 'success'),
(10, 1, '完成订单', 3, 'Complete', 8, '9', '0', '', NULL, 0, 0, 0, 0, '订单已完成', NULL, 'success', 'success'),
(11, 2, '新建入库单', 1, 'StartProcess', 0, '0', '14', 'g:1,2,9,10', NULL, 0, 0, 0, 0, '新入库单', NULL, 'success', 'normal'),
(12, 2, '提交库管确认', 1, 'SubmitStockin', 2, '14', '13', 'g:1,2,9,10', NULL, 0, 0, 0, 0, '已提交库管确认', NULL, 'primary', 'info'),
(13, 2, '确认入库', 1, 'ConfirmStockin', 3, '12', '0', 'g:1,2,9,10', 'method=checkStockManger', 0, 0, 0, 0, '已入库', NULL, 'success', 'success'),
(14, 2, '保存入库单', 1, 'SaveStockin', 1, '11', '12', 'g:1,2,9,10', NULL, 0, 0, 0, 0, '已保存待提交库管确认', NULL, 'success', 'info'),
(15, 3, '新建退货单', 1, 'StartProcess', 0, '0', '16', 'g:1,5,9,10', NULL, 0, 0, 0, 0, '新退货单', NULL, 'success', ''),
(16, 3, '保存退货单', 1, 'SaveReturnsPaper', 1, '15', '17', 'g:1,5,9,10', NULL, 0, 0, 0, 0, '退货单已保存', NULL, 'primary', 'info'),
(17, 3, '生成入库单', 1, 'MakeStockinPaper', 2, '16', '20', 'g:1,2,9,10', NULL, 0, 0, 0, 0, '入库单已生成，待库管确认', NULL, 'primary', 'info'),
(22, 4, '确认出库', 7, 'ConfirmStockout', 1, '21', '24,27', 'g:1,2,9,10|d:5|u:6', NULL, 1, 0, 0, 0, '已确认待发货', NULL, 'primary', 'info'),
(21, 4, '新建出库单', 1, 'StartProcess', 0, '0', '22,23', 'g:1', NULL, 0, 0, 0, 0, '新出库单', NULL, 'success', 'normal'),
(20, 3, '完成退货', 3, 'CompleteProcess', 4, '17', '0', 'g:1,2,9,10', NULL, 0, 0, 0, 0, '已完成', NULL, 'success', 'success'),
(23, 4, '驳回出库单', 7, 'RejectStockout', 1, '21', '0', 'g:1,2,9,10|d:5,8|u:6', NULL, 0, 0, 0, 0, '出库单已驳回', NULL, 'danger', 'normal'),
(24, 4, '生成发货单', 1, 'MakeShipment', 2, '22', '25', 'g:1,2,9,10', NULL, 0, 0, 0, 0, '发货单已生成', NULL, 'success', 'info'),
(25, 4, '确认发货', 1, 'ConfirmShipment', 3, '24', '27', 'g:1,2,9,10', NULL, 0, 0, 0, 0, '已发货', NULL, 'success', 'success'),
(26, 1, '生成发货单', 3, 'StartProcess', 6, '7', '9', 'g:1,2,9,10', NULL, 0, 0, 0, 0, '已生成发货单', NULL, 'primary', 'info'),
(27, 4, '完成出库', 2, 'Complete', 5, '22,25', '0', 'g:1,2,9,10', NULL, 0, 0, 0, 0, '出库已完成', NULL, 'success', 'success'),
(28, 1, '驳回出库单', 3, 'RejectStockout', 5, '6', '6', 'g:1,5,9,10|d:3,6,7|u:1', NULL, 0, 0, 0, 0, '出库单已驳回', NULL, 'danger', 'normal'),
(29, 5, '新采购单', 1, 'StartProcess', 0, '0', '', 'g:1,7,9,10|d:2|u:1', NULL, 0, 0, 0, 0, '新采购单', NULL, 'success', 'success'),
(30, 5, '保存采购单', 1, 'SavePurchase', 1, '29', '31', 'g:1,7,9,10', NULL, 1, 0, 0, 0, '采购单已保存', NULL, 'primary', 'info'),
(31, 5, '生成入库单', 1, 'MakeStockin', 2, '30', '32', 'g:1,2,9,10', NULL, 0, 0, 0, 0, '待库管确认', NULL, 'primary', 'info'),
(32, 5, '完成采购单', 3, 'CompleteProcess', 3, '31', '0', 'g:1,7,9,10', NULL, 0, 0, 0, 0, '已完成', NULL, 'success', 'success'),
(33, 6, '新付款计划', 1, 'StartProcess', 0, '0', '37', 'g:1,3,9,10', NULL, 1, 0, 0, 0, '新付款计划', NULL, 'primary', 'normal'),
(34, 6, '审批通过', 7, 'VerifySuccess', 2, '37', '36,38', 'g:1,9,10|d:8', NULL, 0, 1, 0, 0, '总经理审批通过', NULL, 'primary', 'success'),
(35, 6, '审批未通过', 7, 'VerifyFailed', 2, '37', '37', 'g:1,9,10|d:8', NULL, 0, 0, 0, 0, '经理审批未通过', NULL, 'danger', 'normal'),
(36, 6, '财务审核通过', 7, 'FinanceVerifySuccess', 3, '34', '39', 'g:1,3,9,10|d:8', NULL, 0, 0, 0, 0, '财务审核通过', NULL, 'primary', 'success'),
(37, 6, '提交经理审批', 1, 'SubmitToCommander', 1, '33', '34,35', 'g:1,3,9,10', NULL, 0, 0, 0, 0, '已提交经理审批', NULL, 'primary', 'info'),
(38, 6, '财务审核未通过', 7, 'FinanceVerifyFailed', 3, '34', '39', 'g:1', NULL, 0, 0, 0, 0, '财务审核未通过', NULL, 'danger', 'normal'),
(39, 6, '完成付款', 1, 'CompleteProcess', 4, '36,34', '0', 'g:1,3,9,10', NULL, 0, 0, 0, 0, '已完成', NULL, 'success', 'success'),
(40, 7, '新收款计划', 1, 'StartProcess', 0, '0', '41', 'g:1,3,9,10', NULL, 0, 0, 0, 0, '新收款计划', NULL, 'primary', 'normal'),
(41, 7, '确认收款', 1, 'CompleteProcess', 1, '40', '0', 'g:1,3,9,10', NULL, 0, 0, 0, 0, '已收款', NULL, 'success', 'success'),
(42, 8, '新调拨单', 1, 'StartProcess', 0, '0', '43', 'g:1', NULL, 0, 0, 0, 0, '新调拨单', NULL, 'primary', 'normal'),
(43, 8, '保存调拨单', 1, 'SaveStockTransfer', 1, '42', '44', 'g:1', NULL, 0, 0, 0, 0, '已保存', NULL, 'primary', 'info'),
(44, 8, '生成出库单', 1, 'MakeStockout', 2, '43', '45', 'g:1', NULL, 0, 0, 0, 0, '待确认出库', NULL, 'primary', 'info'),
(45, 8, '确认出库', 1, 'ConfirmStockout', 3, '44', '46', 'g:1', NULL, 0, 0, 0, 0, '已出库', NULL, 'primary', 'info'),
(46, 8, '生成入库单', 2, 'MakeStockin', 4, '45', '47', 'g:1', NULL, 0, 0, 0, 0, '入库单已生成', NULL, 'success', 'success'),
(47, 8, '确认入库', 1, 'ConfirmStockin', 5, '46', '48', 'g:1', NULL, 0, 0, 0, 0, '已入库', NULL, 'success', 'success');

-- --------------------------------------------------------

--
-- 表的结构 `x_workflow_process`
--

CREATE TABLE IF NOT EXISTS `x_workflow_process` (
  `id` int(11) NOT NULL AUTO_INCREMENT,
  `workflow_id` int(11) NOT NULL,
  `node_id` int(11) NOT NULL,
  `mainrow_id` int(11) NOT NULL,
  `context` text NOT NULL,
  `start_time` varchar(12) NOT NULL,
  `end_time` varchar(12) NOT NULL,
  `status` smallint(1) NOT NULL,
  `user_id` int(11) NOT NULL,
  `memo` varchar(255) DEFAULT NULL,
  PRIMARY KEY (`id`),
  KEY `workflow_id` (`workflow_id`,`node_id`,`start_time`,`end_time`,`status`,`user_id`),
  KEY `mainrow_id` (`mainrow_id`)
) ENGINE=MyISAM  DEFAULT CHARSET=utf8 AUTO_INCREMENT=47 ;

--
-- 转存表中的数据 `x_workflow_process`
--

INSERT INTO `x_workflow_process` (`id`, `workflow_id`, `node_id`, `mainrow_id`, `context`, `start_time`, `end_time`, `status`, `user_id`, `memo`) VALUES
(1, 2, 11, 1, 'a:0:{}', '1389336190', '1389336212', 1, 1, ''),
(2, 2, 14, 1, 'a:0:{}', '1389336212', '1389336213', 1, 1, ''),
(3, 2, 12, 1, 'a:0:{}', '1389336213', '1389336216', 1, 1, ''),
(4, 2, 13, 1, 'a:0:{}', '1389336216', '', 0, 1, ''),
(5, 1, 5, 1, 'a:0:{}', '1389336642', '1389336658', 1, 1, ''),
(6, 1, 4, 1, 'a:0:{}', '1389336658', '1389336658', 1, 1, ''),
(7, 7, 40, 1, 'a:0:{}', '1389336658', '1389337425', 1, 1, ''),
(8, 1, 1, 1, 'a:0:{}', '1389336658', '1389336658', 1, 1, ''),
(9, 1, 2, 1, 'a:0:{}', '1389336658', '1389336662', 1, 1, ''),
(10, 4, 21, 1, 'a:4:{s:11:"sourceModel";s:6:"Orders";s:14:"sourceWorkflow";s:5:"order";s:8:"sourceId";i:1;s:18:"sourceMainrowField";s:8:"order_id";}', '1389336662', '', 0, 1, ''),
(11, 1, 6, 1, 'a:4:{s:11:"sourceModel";s:6:"Orders";s:14:"sourceWorkflow";s:5:"order";s:8:"sourceId";i:1;s:18:"sourceMainrowField";s:8:"order_id";}', '1389336662', '', 0, 1, ''),
(12, 2, 11, 2, 'a:0:{}', '1389337154', '1389337161', 1, 1, ''),
(13, 2, 14, 2, 'a:0:{}', '1389337161', '1389337185', 1, 1, ''),
(14, 2, 12, 2, 'a:0:{}', '1389337185', '', 0, 1, ''),
(15, 3, 15, 1, 'a:0:{}', '1389337234', '1389337241', 1, 1, ''),
(16, 3, 16, 1, 'a:0:{}', '1389337241', '1389337242', 1, 1, ''),
(17, 2, 11, 3, 'N;', '1389337242', '1389337281', 1, 1, ''),
(18, 3, 17, 1, 'a:0:{}', '1389337242', '1389337284', 1, 1, ''),
(19, 2, 14, 3, 'a:0:{}', '1389337281', '1389337283', 1, 1, ''),
(20, 2, 12, 3, 'a:0:{}', '1389337283', '1389337284', 1, 1, ''),
(21, 6, 33, 1, 'a:0:{}', '1389337284', '1389337480', 1, 1, ''),
(22, 3, 20, 1, 'N;', '1389337284', '', 0, 1, ''),
(23, 2, 13, 3, 'a:0:{}', '1389337284', '', 0, 1, ''),
(24, 5, 29, 1, 'a:0:{}', '1389337310', '1389337319', 1, 1, ''),
(25, 5, 30, 1, 'a:0:{}', '1389337319', '1389337337', 1, 1, ''),
(26, 2, 11, 4, 'N;', '1389337337', '1389337505', 1, 1, ''),
(27, 5, 31, 1, 'a:0:{}', '1389337337', '1389337508', 1, 1, ''),
(28, 7, 41, 1, 'a:0:{}', '1389337425', '', 0, 1, ''),
(29, 6, 37, 1, 'a:0:{}', '1389337480', '1389337484', 1, 1, ''),
(30, 6, 34, 1, 'a:0:{}', '1389337484', '1389337486', 1, 1, '123123'),
(31, 6, 36, 1, 'a:0:{}', '1389337486', '1389337491', 1, 1, ''),
(32, 6, 39, 1, 'a:0:{}', '1389337491', '', 0, 1, ''),
(33, 2, 14, 4, 'a:0:{}', '1389337505', '1389337507', 1, 1, ''),
(34, 2, 12, 4, 'a:0:{}', '1389337507', '1389337508', 1, 1, ''),
(35, 6, 33, 2, 'a:0:{}', '1389337508', '1389337512', 1, 1, ''),
(36, 5, 32, 1, 'N;', '1389337508', '', 0, 1, ''),
(37, 2, 13, 4, 'a:0:{}', '1389337508', '', 0, 1, ''),
(38, 6, 37, 2, 'a:0:{}', '1389337512', '1389337516', 1, 1, ''),
(39, 6, 34, 2, 'a:0:{}', '1389337516', '1389337520', 1, 1, '123'),
(40, 6, 36, 2, 'a:0:{}', '1389337520', '1389337702', 1, 1, ''),
(41, 6, 39, 2, 'a:0:{}', '1389337702', '', 0, 1, ''),
(42, 1, 5, 2, 'a:0:{}', '1389338068', '1389338898', 1, 1, ''),
(43, 1, 4, 2, 'a:0:{}', '1389338898', '1389338898', 1, 1, ''),
(44, 7, 40, 2, 'a:0:{}', '1389338898', '', 0, 1, ''),
(45, 1, 1, 2, 'a:0:{}', '1389338898', '1389338898', 1, 1, ''),
(46, 1, 2, 2, 'a:0:{}', '1389338898', '', 0, 1, '');

-- --------------------------------------------------------

--
-- 视图结构 `x_goods_view`
--
DROP TABLE IF EXISTS `x_goods_view`;

CREATE ALGORITHM=UNDEFINED DEFINER=`root`@`localhost` SQL SECURITY DEFINER VIEW `x_goods_view` AS select `g`.`id` AS `id`,`g`.`goods_category_id` AS `goods_category_id`,`g`.`name` AS `name`,`g`.`measure` AS `measure`,`g`.`price` AS `price`,`g`.`factory_code` AS `factory_code`,`g`.`store_min` AS `store_min`,`gc`.`name` AS `goods_category_name`,`go`.`id` AS `color_id`,`go`.`name` AS `color_name`,`gs`.`id` AS `standard_id`,`gs`.`name` AS `standard_name`,concat(`g`.`factory_code`,'-',`go`.`id`,'-',`gs`.`id`) AS `factory_code_all` from (((`x_goods` `g` join `x_goods_category` `gc`) join `x_goods_color` `go`) join `x_goods_standard` `gs`) where (`gc`.`id` = `g`.`goods_category_id`);

/*!40101 SET CHARACTER_SET_CLIENT=@OLD_CHARACTER_SET_CLIENT */;
/*!40101 SET CHARACTER_SET_RESULTS=@OLD_CHARACTER_SET_RESULTS */;
/*!40101 SET COLLATION_CONNECTION=@OLD_COLLATION_CONNECTION */;